episode,step,state,action,reward,terminated,truncated
0,0,"[[[0, 0, 0, 0, 0], [0, 0, 0, 0, 0], [0, 0, 0, 0, 0]], [[0, 0, 0, 0, 0], [0, 0, 0, 0, 0], [0, 0, 0, 0, 0]], [[0, 0, 0, 0, 0], [0, 0, 0, 0, 0], [0, 0, 0, 0, 0]]]",8,0.026741905625000027,False,False
0,1,"[[[0, 0, 0, 0, 1], [0, 0, 0, 0, 1], [0, 0, 0, 0, 1]], [[0, 0, 0, 0, 1], [0, 0, 0, 0, 1], [0, 0, 0, 0, 1]], [[0, 0, 0, 0, 1], [0, 0, 0, 0, 1], [1, 0, 0, 0, 1]]]",6,-0.2569502346875004,False,False
0,2,"[[[0, 0, 0, 0, 0], [0, 0, 0, 0, 0], [0, 0, 0, 0, 0]], [[0, 0, 0, 0, 0], [0, 0, 0, 0, 0], [0, 0, 0, 0, 0]], [[0, 0, 1, 0, 0], [0, 0, 0, 0, 0], [1, 0, 0, 0, 0]]]",1,-0.1489773124999999,False,False
0,3,"[[[0, 0, 0, 0, 1], [1, 0, 0, 0, 1], [0, 0, 0, 0, 1]], [[0, 0, 0, 0, 1], [0, 0, 0, 0, 1], [0, 0, 0, 0, 1]], [[0, 0, 1, 0, 1], [0, 0, 0, 0, 1], [1, 1, 0, 0, 1]]]",0,0.15481150000000007,False,False
0,4,"[[[0, 0, 1, 0, 0], [1, 0, 0, 0, 0], [0, 0, 0, 0, 0]], [[0, 0, 0, 0, 0], [0, 0, 0, 0, 0], [0, 0, 0, 0, 0]], [[0, 0, 1, 1, 0], [0, 0, 0, 0, 0], [1, 1, 0, 0, 0]]]",7,0.002600000000000017,False,False
0,5,"[[[0, 0, 1, 0, 1], [1, 1, 0, 0, 1], [0, 0, 0, 0, 1]], [[0, 0, 0, 0, 1], [0, 0, 0, 0, 1], [0, 0, 0, 0, 1]], [[0, 0, 1, 1, 1], [1, 0, 0, 0, 1], [1, 1, 0, 0, 1]]]",4,0.7628499999999998,False,False
0,6,"[[[0, 0, 1, 1, 0], [1, 1, 0, 0, 0], [0, 0, 0, 0, 0]], [[0, 0, 0, 0, 0], [0, 0, 1, 0, 0], [0, 0, 0, 0, 0]], [[0, 0, 1, 1, 0], [1, 0, 0, 0, 0], [1, 1, 0, 0, 0]]]",3,-0.43,False,False
0,7,"[[[0, 0, 1, 1, 1], [1, 1, 0, 0, 1], [0, 0, 0, 0, 1]], [[1, 0, 0, 0, 1], [0, 0, 1, 0, 1], [0, 0, 0, 0, 1]], [[0, 0, 1, 1, 1], [1, 1, 0, 0, 1], [1, 1, 0, 0, 1]]]",5,1.0,False,False
0,8,"[[[0, 0, 1, 1, 0], [1, 1, 0, 0, 0], [0, 0, 0, 0, 0]], [[1, 0, 0, 0, 0], [0, 0, 1, 1, 0], [0, 0, 1, 0, 0]], [[0, 0, 1, 1, 0], [1, 1, 0, 0, 0], [1, 1, 0, 0, 0]]]",2,0.0,True,False
1,0,"[[[0, 0, 0, 0, 0], [0, 0, 0, 0, 0], [0, 0, 0, 0, 0]], [[0, 0, 0, 0, 0], [0, 0, 0, 0, 0], [0, 0, 0, 0, 0]], [[0, 0, 0, 0, 0], [0, 0, 0, 0, 0], [0, 0, 0, 0, 0]]]",1,-0.17617164468749982,False,False
1,1,"[[[0, 0, 0, 0, 1], [1, 0, 0, 0, 1], [0, 0, 0, 0, 1]], [[0, 0, 0, 0, 1], [0, 0, 0, 0, 1], [0, 0, 0, 0, 1]], [[0, 0, 0, 0, 1], [0, 0, 0, 0, 1], [0, 0, 0, 0, 1]]]",7,-0.15632498156249994,False,False
1,2,"[[[0, 0, 0, 0, 0], [1, 0, 0, 0, 0], [0, 0, 0, 0, 0]], [[0, 0, 0, 0, 0], [0, 0, 0, 0, 0], [0, 0, 0, 0, 0]], [[0, 0, 0, 0, 0], [0, 0, 1, 0, 0], [0, 0, 0, 0, 0]]]",5,-0.03584687499999993,False,False
1,3,"[[[0, 0, 0, 0, 1], [1, 1, 0, 0, 1], [0, 0, 0, 0, 1]], [[0, 0, 0, 0, 1], [0, 0, 0, 0, 1], [1, 0, 0, 0, 1]], [[0, 0, 0, 0, 1], [0, 0, 1, 0, 1], [0, 0, 0, 0, 1]]]",3,-0.000497812499999945,False,False
1,4,"[[[0, 0, 0, 0, 0], [1, 1, 0, 0, 0], [0, 0, 0, 0, 0]], [[0, 0, 1, 0, 0], [0, 0, 0, 0, 0], [1, 0, 0, 0, 0]], [[0, 0, 0, 0, 0], [0, 0, 1, 1, 0], [0, 0, 0, 0, 0]]]",6,0.13007500000000008,False,False
1,5,"[[[0, 0, 0, 0, 1], [1, 1, 0, 0, 1], [0, 0, 0, 0, 1]], [[0, 0, 1, 0, 1], [0, 0, 0, 0, 1], [1, 1, 0, 0, 1]], [[1, 0, 0, 0, 1], [0, 0, 1, 1, 1], [0, 0, 0, 0, 1]]]",4,0.11192500000000007,False,False
1,6,"[[[0, 0, 0, 0, 0], [1, 1, 0, 0, 0], [0, 0, 0, 0, 0]], [[0, 0, 1, 1, 0], [0, 0, 1, 0, 0], [1, 1, 0, 0, 0]], [[1, 0, 0, 0, 0], [0, 0, 1, 1, 0], [0, 0, 0, 0, 0]]]",8,0.45,False,False
1,7,"[[[0, 0, 0, 0, 1], [1, 1, 0, 0, 1], [0, 0, 0, 0, 1]], [[0, 0, 1, 1, 1], [0, 0, 1, 0, 1], [1, 1, 0, 0, 1]], [[1, 1, 0, 0, 1], [0, 0, 1, 1, 1], [1, 0, 0, 0, 1]]]",0,0.0,False,False
1,8,"[[[0, 0, 1, 0, 0], [1, 1, 0, 0, 0], [0, 0, 0, 0, 0]], [[0, 0, 1, 1, 0], [0, 0, 1, 1, 0], [1, 1, 0, 0, 0]], [[1, 1, 0, 0, 0], [0, 0, 1, 1, 0], [1, 0, 0, 0, 0]]]",2,1.0,True,False
2,0,"[[[0, 0, 0, 0, 0], [0, 0, 0, 0, 0], [0, 0, 0, 0, 0]], [[0, 0, 0, 0, 0], [0, 0, 0, 0, 0], [0, 0, 0, 0, 0]], [[0, 0, 0, 0, 0], [0, 0, 0, 0, 0], [0, 0, 0, 0, 0]]]",3,-0.17117409890624993,False,False
2,1,"[[[0, 0, 0, 0, 1], [0, 0, 0, 0, 1], [0, 0, 0, 0, 1]], [[1, 0, 0, 0, 1], [0, 0, 0, 0, 1], [0, 0, 0, 0, 1]], [[0, 0, 0, 0, 1], [0, 0, 0, 0, 1], [0, 0, 0, 0, 1]]]",2,-0.18732855328124995,False,False
2,2,"[[[0, 0, 0, 0, 0], [0, 0, 0, 0, 0], [0, 0, 1, 0, 0]], [[1, 0, 0, 0, 0], [0, 0, 0, 0, 0], [0, 0, 0, 0, 0]], [[0, 0, 0, 0, 0], [0, 0, 0, 0, 0], [0, 0, 0, 0, 0]]]",5,-0.08058337499999993,False,False
2,3,"[[[0, 0, 0, 0, 1], [0, 0, 0, 0, 1], [0, 0, 1, 0, 1]], [[1, 1, 0, 0, 1], [0, 0, 0, 0, 1], [1, 0, 0, 0, 1]], [[0, 0, 0, 0, 1], [0, 0, 0, 0, 1], [0, 0, 0, 0, 1]]]",7,-0.25538275000000055,False,False
2,4,"[[[0, 0, 0, 0, 0], [0, 0, 0, 0, 0], [0, 0, 1, 1, 0]], [[1, 1, 0, 0, 0], [0, 0, 0, 0, 0], [1, 0, 0, 0, 0]], [[0, 0, 0, 0, 0], [0, 0, 1, 0, 0], [0, 0, 0, 0, 0]]]",0,0.40982499999999983,False,False
2,5,"[[[1, 0, 0, 0, 1], [0, 0, 0, 0, 1], [0, 0, 1, 1, 1]], [[1, 1, 0, 0, 1], [0, 0, 0, 0, 1], [1, 1, 0, 0, 1]], [[0, 0, 0, 0, 1], [0, 0, 1, 0, 1], [0, 0, 0, 0, 1]]]",4,0.615375,False,False
2,6,"[[[1, 0, 0, 0, 0], [0, 0, 0, 0, 0], [0, 0, 1, 1, 0]], [[1, 1, 0, 0, 0], [0, 0, 1, 0, 0], [1, 1, 0, 0, 0]], [[0, 0, 0, 0, 0], [0, 0, 1, 1, 0], [0, 0, 0, 0, 0]]]",6,1.0,True,False
3,0,"[[[0, 0, 0, 0, 0], [0, 0, 0, 0, 0], [0, 0, 0, 0, 0]], [[0, 0, 0, 0, 0], [0, 0, 0, 0, 0], [0, 0, 0, 0, 0]], [[0, 0, 0, 0, 0], [0, 0, 0, 0, 0], [0, 0, 0, 0, 0]]]",0,-0.003922233124999973,False,False
3,1,"[[[1, 0, 0, 0, 1], [0, 0, 0, 0, 1], [0, 0, 0, 0, 1]], [[0, 0, 0, 0, 1], [0, 0, 0, 0, 1], [0, 0, 0, 0, 1]], [[0, 0, 0, 0, 1], [0, 0, 0, 0, 1], [0, 0, 0, 0, 1]]]",7,-0.35741619812500014,False,False
3,2,"[[[1, 0, 0, 0, 0], [0, 0, 0, 0, 0], [0, 0, 0, 0, 0]], [[0, 0, 0, 0, 0], [0, 0, 0, 0, 0], [0, 0, 0, 0, 0]], [[0, 0, 0, 0, 0], [0, 0, 1, 0, 0], [0, 0, 0, 0, 0]]]",6,0.28120699999999965,False,False
3,3,"[[[1, 1, 0, 0, 1], [0, 0, 0, 0, 1], [0, 0, 0, 0, 1]], [[0, 0, 0, 0, 1], [0, 0, 0, 0, 1], [0, 0, 0, 0, 1]], [[1, 0, 0, 0, 1], [0, 0, 1, 0, 1], [0, 0, 0, 0, 1]]]",4,-0.07817374999999994,False,False
3,4,"[[[1, 1, 0, 0, 0], [0, 0, 0, 0, 0], [0, 0, 0, 0, 0]], [[0, 0, 0, 0, 0], [0, 0, 1, 0, 0], [0, 0, 0, 0, 0]], [[1, 0, 0, 0, 0], [0, 0, 1, 1, 0], [0, 0, 0, 0, 0]]]",1,0.5828500000000002,False,False
3,5,"[[[1, 1, 0, 0, 1], [1, 0, 0, 0, 1], [0, 0, 0, 0, 1]], [[0, 0, 0, 0, 1], [0, 0, 1, 0, 1], [0, 0, 0, 0, 1]], [[1, 1, 0, 0, 1], [0, 0, 1, 1, 1], [0, 0, 0, 0, 1]]]",5,-0.06462499999999997,False,False
3,6,"[[[1, 1, 0, 0, 0], [1, 0, 0, 0, 0], [0, 0, 0, 0, 0]], [[0, 0, 0, 0, 0], [0, 0, 1, 1, 0], [0, 0, 1, 0, 0]], [[1, 1, 0, 0, 0], [0, 0, 1, 1, 0], [0, 0, 0, 0, 0]]]",8,1.0,False,False
3,7,"[[[1, 1, 0, 0, 1], [1, 1, 0, 0, 1], [0, 0, 0, 0, 1]], [[0, 0, 0, 0, 1], [0, 0, 1, 1, 1], [0, 0, 1, 0, 1]], [[1, 1, 0, 0, 1], [0, 0, 1, 1, 1], [1, 0, 0, 0, 1]]]",3,1.0,True,False
4,0,"[[[0, 0, 0, 0, 0], [0, 0, 0, 0, 0], [0, 0, 0, 0, 0]], [[0, 0, 0, 0, 0], [0, 0, 0, 0, 0], [0, 0, 0, 0, 0]], [[0, 0, 0, 0, 0], [0, 0, 0, 0, 0], [0, 0, 0, 0, 0]]]",7,-0.12490899531249987,False,False
4,1,"[[[0, 0, 0, 0, 1], [0, 0, 0, 0, 1], [0, 0, 0, 0, 1]], [[0, 0, 0, 0, 1], [0, 0, 0, 0, 1], [0, 0, 0, 0, 1]], [[0, 0, 0, 0, 1], [1, 0, 0, 0, 1], [0, 0, 0, 0, 1]]]",1,-0.21878434437499997,False,False
4,2,"[[[0, 0, 0, 0, 0], [0, 0, 1, 0, 0], [0, 0, 0, 0, 0]], [[0, 0, 0, 0, 0], [0, 0, 0, 0, 0], [0, 0, 0, 0, 0]], [[0, 0, 0, 0, 0], [1, 0, 0, 0, 0], [0, 0, 0, 0, 0]]]",6,0.1551570000000001,False,False
4,3,"[[[0, 0, 0, 0, 1], [0, 0, 1, 0, 1], [0, 0, 0, 0, 1]], [[0, 0, 0, 0, 1], [0, 0, 0, 0, 1], [0, 0, 0, 0, 1]], [[1, 0, 0, 0, 1], [1, 1, 0, 0, 1], [0, 0, 0, 0, 1]]]",2,-0.016968937499999958,False,False
4,4,"[[[0, 0, 0, 0, 0], [0, 0, 1, 1, 0], [0, 0, 1, 0, 0]], [[0, 0, 0, 0, 0], [0, 0, 0, 0, 0], [0, 0, 0, 0, 0]], [[1, 0, 0, 0, 0], [1, 1, 0, 0, 0], [0, 0, 0, 0, 0]]]",0,0.5740250000000001,False,False
4,5,"[[[1, 0, 0, 0, 1], [0, 0, 1, 1, 1], [0, 0, 1, 0, 1]], [[0, 0, 0, 0, 1], [0, 0, 0, 0, 1], [0, 0, 0, 0, 1]], [[1, 1, 0, 0, 1], [1, 1, 0, 0, 1], [0, 0, 0, 0, 1]]]",4,-0.62,False,False
4,6,"[[[1, 0, 0, 0, 0], [0, 0, 1, 1, 0], [0, 0, 1, 1, 0]], [[0, 0, 0, 0, 0], [0, 0, 1, 0, 0], [0, 0, 0, 0, 0]], [[1, 1, 0, 0, 0], [1, 1, 0, 0, 0], [0, 0, 0, 0, 0]]]",5,1.0,False,False
4,7,"[[[1, 1, 0, 0, 1], [0, 0, 1, 1, 1], [0, 0, 1, 1, 1]], [[0, 0, 0, 0, 1], [0, 0, 1, 0, 1], [1, 0, 0, 0, 1]], [[1, 1, 0, 0, 1], [1, 1, 0, 0, 1], [0, 0, 0, 0, 1]]]",8,0.0,False,False
4,8,"[[[1, 1, 0, 0, 0], [0, 0, 1, 1, 0], [0, 0, 1, 1, 0]], [[0, 0, 0, 0, 0], [0, 0, 1, 1, 0], [1, 0, 0, 0, 0]], [[1, 1, 0, 0, 0], [1, 1, 0, 0, 0], [0, 0, 1, 0, 0]]]",3,1.0,True,False
5,0,"[[[0, 0, 0, 0, 0], [0, 0, 0, 0, 0], [0, 0, 0, 0, 0]], [[0, 0, 0, 0, 0], [0, 0, 0, 0, 0], [0, 0, 0, 0, 0]], [[0, 0, 0, 0, 0], [0, 0, 0, 0, 0], [0, 0, 0, 0, 0]]]",0,-0.00014151968749995746,False,False
5,1,"[[[1, 0, 0, 0, 1], [0, 0, 0, 0, 1], [0, 0, 0, 0, 1]], [[0, 0, 0, 0, 1], [0, 0, 0, 0, 1], [0, 0, 0, 0, 1]], [[0, 0, 0, 0, 1], [0, 0, 0, 0, 1], [0, 0, 0, 0, 1]]]",6,-0.2602270776562501,False,False
5,2,"[[[1, 0, 0, 0, 0], [0, 0, 0, 0, 0], [0, 0, 0, 0, 0]], [[0, 0, 0, 0, 0], [0, 0, 0, 0, 0], [0, 0, 0, 0, 0]], [[0, 0, 1, 0, 0], [0, 0, 0, 0, 0], [0, 0, 0, 0, 0]]]",1,0.1285573125000001,False,False
5,3,"[[[1, 1, 0, 0, 1], [1, 0, 0, 0, 1], [0, 0, 0, 0, 1]], [[0, 0, 0, 0, 1], [0, 0, 0, 0, 1], [0, 0, 0, 0, 1]], [[0, 0, 1, 0, 1], [0, 0, 0, 0, 1], [0, 0, 0, 0, 1]]]",4,-0.032884312499999915,False,False
5,4,"[[[1, 1, 0, 0, 0], [1, 0, 0, 0, 0], [0, 0, 0, 0, 0]], [[0, 0, 0, 0, 0], [0, 0, 1, 0, 0], [0, 0, 0, 0, 0]], [[0, 0, 1, 1, 0], [0, 0, 0, 0, 0], [0, 0, 0, 0, 0]]]",3,-0.20042500000000024,False,False
5,5,"[[[1, 1, 0, 0, 1], [1, 1, 0, 0, 1], [0, 0, 0, 0, 1]], [[1, 0, 0, 0, 1], [0, 0, 1, 0, 1], [0, 0, 0, 0, 1]], [[0, 0, 1, 1, 1], [0, 0, 0, 0, 1], [0, 0, 0, 0, 1]]]",7,0.6962999999999999,False,False
5,6,"[[[1, 1, 0, 0, 0], [1, 1, 0, 0, 0], [0, 0, 0, 0, 0]], [[1, 0, 0, 0, 0], [0, 0, 1, 1, 0], [0, 0, 0, 0, 0]], [[0, 0, 1, 1, 0], [0, 0, 1, 0, 0], [0, 0, 0, 0, 0]]]",2,1.0,True,False
6,0,"[[[0, 0, 0, 0, 0], [0, 0, 0, 0, 0], [0, 0, 0, 0, 0]], [[0, 0, 0, 0, 0], [0, 0, 0, 0, 0], [0, 0, 0, 0, 0]], [[0, 0, 0, 0, 0], [0, 0, 0, 0, 0], [0, 0, 0, 0, 0]]]",7,-0.09726593124999994,False,False
6,1,"[[[0, 0, 0, 0, 1], [0, 0, 0, 0, 1], [0, 0, 0, 0, 1]], [[0, 0, 0, 0, 1], [0, 0, 0, 0, 1], [0, 0, 0, 0, 1]], [[0, 0, 0, 0, 1], [1, 0, 0, 0, 1], [0, 0, 0, 0, 1]]]",8,-0.1266415334374999,False,False
6,2,"[[[0, 0, 0, 0, 0], [0, 0, 0, 0, 0], [0, 0, 0, 0, 0]], [[0, 0, 0, 0, 0], [0, 0, 0, 0, 0], [0, 0, 0, 0, 0]], [[0, 0, 0, 0, 0], [1, 0, 0, 0, 0], [0, 0, 1, 0, 0]]]",4,0.27433743749999967,False,False
6,3,"[[[0, 0, 0, 0, 1], [0, 0, 0, 0, 1], [0, 0, 0, 0, 1]], [[0, 0, 0, 0, 1], [1, 0, 0, 0, 1], [0, 0, 0, 0, 1]], [[0, 0, 0, 0, 1], [1, 1, 0, 0, 1], [0, 0, 1, 0, 1]]]",2,0.003840687500000057,False,False
6,4,"[[[0, 0, 0, 0, 0], [0, 0, 0, 0, 0], [0, 0, 1, 0, 0]], [[0, 0, 0, 0, 0], [1, 0, 0, 0, 0], [0, 0, 0, 0, 0]], [[0, 0, 0, 0, 0], [1, 1, 0, 0, 0], [0, 0, 1, 1, 0]]]",0,0.19494999999999998,False,False
6,5,"[[[1, 0, 0, 0, 1], [0, 0, 0, 0, 1], [0, 0, 1, 0, 1]], [[0, 0, 0, 0, 1], [1, 1, 0, 0, 1], [0, 0, 0, 0, 1]], [[0, 0, 0, 0, 1], [1, 1, 0, 0, 1], [0, 0, 1, 1, 1]]]",5,1.0,True,False
7,0,"[[[0, 0, 0, 0, 0], [0, 0, 0, 0, 0], [0, 0, 0, 0, 0]], [[0, 0, 0, 0, 0], [0, 0, 0, 0, 0], [0, 0, 0, 0, 0]], [[0, 0, 0, 0, 0], [0, 0, 0, 0, 0], [0, 0, 0, 0, 0]]]",2,-0.06767013249999985,False,False
7,1,"[[[0, 0, 0, 0, 1], [0, 0, 0, 0, 1], [1, 0, 0, 0, 1]], [[0, 0, 0, 0, 1], [0, 0, 0, 0, 1], [0, 0, 0, 0, 1]], [[0, 0, 0, 0, 1], [0, 0, 0, 0, 1], [0, 0, 0, 0, 1]]]",6,-0.23317044046875005,False,False
7,2,"[[[0, 0, 0, 0, 0], [0, 0, 0, 0, 0], [1, 0, 0, 0, 0]], [[0, 0, 0, 0, 0], [0, 0, 0, 0, 0], [0, 0, 0, 0, 0]], [[0, 0, 1, 0, 0], [0, 0, 0, 0, 0], [0, 0, 0, 0, 0]]]",0,0.1422275000000001,False,False
7,3,"[[[1, 0, 0, 0, 1], [0, 0, 0, 0, 1], [1, 1, 0, 0, 1]], [[0, 0, 0, 0, 1], [0, 0, 0, 0, 1], [0, 0, 0, 0, 1]], [[0, 0, 1, 0, 1], [0, 0, 0, 0, 1], [0, 0, 0, 0, 1]]]",8,-0.05521443749999996,False,False
7,4,"[[[1, 0, 0, 0, 0], [0, 0, 0, 0, 0], [1, 1, 0, 0, 0]], [[0, 0, 0, 0, 0], [0, 0, 0, 0, 0], [0, 0, 0, 0, 0]], [[0, 0, 1, 1, 0], [0, 0, 0, 0, 0], [0, 0, 1, 0, 0]]]",5,0.2525999999999999,False,False
7,5,"[[[1, 1, 0, 0, 1], [0, 0, 0, 0, 1], [1, 1, 0, 0, 1]], [[0, 0, 0, 0, 1], [0, 0, 0, 0, 1], [1, 0, 0, 0, 1]], [[0, 0, 1, 1, 1], [0, 0, 0, 0, 1], [0, 0, 1, 0, 1]]]",4,0.18049999999999994,False,False
7,6,"[[[1, 1, 0, 0, 0], [0, 0, 0, 0, 0], [1, 1, 0, 0, 0]], [[0, 0, 0, 0, 0], [0, 0, 1, 0, 0], [1, 0, 0, 0, 0]], [[0, 0, 1, 1, 0], [0, 0, 0, 0, 0], [0, 0, 1, 1, 0]]]",3,0.42,False,False
7,7,"[[[1, 1, 0, 0, 1], [0, 0, 0, 0, 1], [1, 1, 0, 0, 1]], [[1, 0, 0, 0, 1], [0, 0, 1, 0, 1], [1, 1, 0, 0, 1]], [[0, 0, 1, 1, 1], [0, 0, 0, 0, 1], [0, 0, 1, 1, 1]]]",7,1.0,True,False
8,0,"[[[0, 0, 0, 0, 0], [0, 0, 0, 0, 0], [0, 0, 0, 0, 0]], [[0, 0, 0, 0, 0], [0, 0, 0, 0, 0], [0, 0, 0, 0, 0]], [[0, 0, 0, 0, 0], [0, 0, 0, 0, 0], [0, 0, 0, 0, 0]]]",0,-0.09602223312499993,False,False
8,1,"[[[1, 0, 0, 0, 1], [0, 0, 0, 0, 1], [0, 0, 0, 0, 1]], [[0, 0, 0, 0, 1], [0, 0, 0, 0, 1], [0, 0, 0, 0, 1]], [[0, 0, 0, 0, 1], [0, 0, 0, 0, 1], [0, 0, 0, 0, 1]]]",4,-0.17072193437499994,False,False
8,2,"[[[1, 0, 0, 0, 0], [0, 0, 0, 0, 0], [0, 0, 0, 0, 0]], [[0, 0, 0, 0, 0], [0, 0, 1, 0, 0], [0, 0, 0, 0, 0]], [[0, 0, 0, 0, 0], [0, 0, 0, 0, 0], [0, 0, 0, 0, 0]]]",1,0.11527237500000007,False,False
8,3,"[[[1, 1, 0, 0, 1], [1, 0, 0, 0, 1], [0, 0, 0, 0, 1]], [[0, 0, 0, 0, 1], [0, 0, 1, 0, 1], [0, 0, 0, 0, 1]], [[0, 0, 0, 0, 1], [0, 0, 0, 0, 1], [0, 0, 0, 0, 1]]]",5,-0.1025089999999999,False,False
8,4,"[[[1, 1, 0, 0, 0], [1, 0, 0, 0, 0], [0, 0, 0, 0, 0]], [[0, 0, 0, 0, 0], [0, 0, 1, 1, 0], [0, 0, 1, 0, 0]], [[0, 0, 0, 0, 0], [0, 0, 0, 0, 0], [0, 0, 0, 0, 0]]]",7,-0.05387499999999992,False,False
8,5,"[[[1, 1, 0, 0, 1], [1, 1, 0, 0, 1], [0, 0, 0, 0, 1]], [[0, 0, 0, 0, 1], [0, 0, 1, 1, 1], [0, 0, 1, 0, 1]], [[0, 0, 0, 0, 1], [1, 0, 0, 0, 1], [0, 0, 0, 0, 1]]]",6,0.36142500000000005,False,False
8,6,"[[[1, 1, 0, 0, 0], [1, 1, 0, 0, 0], [0, 0, 0, 0, 0]], [[0, 0, 0, 0, 0], [0, 0, 1, 1, 0], [0, 0, 1, 1, 0]], [[0, 0, 1, 0, 0], [1, 0, 0, 0, 0], [0, 0, 0, 0, 0]]]",2,1.0,True,False
9,0,"[[[0, 0, 0, 0, 0], [0, 0, 0, 0, 0], [0, 0, 0, 0, 0]], [[0, 0, 0, 0, 0], [0, 0, 0, 0, 0], [0, 0, 0, 0, 0]], [[0, 0, 0, 0, 0], [0, 0, 0, 0, 0], [0, 0, 0, 0, 0]]]",2,-0.036638531874999984,False,False
9,1,"[[[0, 0, 0, 0, 1], [0, 0, 0, 0, 1], [1, 0, 0, 0, 1]], [[0, 0, 0, 0, 1], [0, 0, 0, 0, 1], [0, 0, 0, 0, 1]], [[0, 0, 0, 0, 1], [0, 0, 0, 0, 1], [0, 0, 0, 0, 1]]]",7,-0.41610779109374996,False,False
9,2,"[[[0, 0, 0, 0, 0], [0, 0, 0, 0, 0], [1, 0, 0, 0, 0]], [[0, 0, 0, 0, 0], [0, 0, 0, 0, 0], [0, 0, 0, 0, 0]], [[0, 0, 0, 0, 0], [0, 0, 1, 0, 0], [0, 0, 0, 0, 0]]]",4,0.2451371249999995,False,False
9,3,"[[[0, 0, 0, 0, 1], [0, 0, 0, 0, 1], [1, 1, 0, 0, 1]], [[0, 0, 0, 0, 1], [1, 0, 0, 0, 1], [0, 0, 0, 0, 1]], [[0, 0, 0, 0, 1], [0, 0, 1, 0, 1], [0, 0, 0, 0, 1]]]",0,-0.4657740624999998,False,False
9,4,"[[[0, 0, 1, 0, 0], [0, 0, 0, 0, 0], [1, 1, 0, 0, 0]], [[0, 0, 0, 0, 0], [1, 0, 0, 0, 0], [0, 0, 0, 0, 0]], [[0, 0, 0, 0, 0], [0, 0, 1, 1, 0], [0, 0, 0, 0, 0]]]",8,0.6407500000000002,False,False
9,5,"[[[0, 0, 1, 0, 1], [0, 0, 0, 0, 1], [1, 1, 0, 0, 1]], [[0, 0, 0, 0, 1], [1, 1, 0, 0, 1], [0, 0, 0, 0, 1]], [[0, 0, 0, 0, 1], [0, 0, 1, 1, 1], [1, 0, 0, 0, 1]]]",1,-0.59,False,False
9,6,"[[[0, 0, 1, 1, 0], [0, 0, 1, 0, 0], [1, 1, 0, 0, 0]], [[0, 0, 0, 0, 0], [1, 1, 0, 0, 0], [0, 0, 0, 0, 0]], [[0, 0, 0, 0, 0], [0, 0, 1, 1, 0], [1, 0, 0, 0, 0]]]",3,1.0,False,False
9,7,"[[[0, 0, 1, 1, 1], [0, 0, 1, 0, 1], [1, 1, 0, 0, 1]], [[1, 0, 0, 0, 1], [1, 1, 0, 0, 1], [0, 0, 0, 0, 1]], [[0, 0, 0, 0, 1], [0, 0, 1, 1, 1], [1, 1, 0, 0, 1]]]",5,0.0,False,False
9,8,"[[[0, 0, 1, 1, 0], [0, 0, 1, 1, 0], [1, 1, 0, 0, 0]], [[1, 0, 0, 0, 0], [1, 1, 0, 0, 0], [0, 0, 1, 0, 0]], [[0, 0, 0, 0, 0], [0, 0, 1, 1, 0], [1, 1, 0, 0, 0]]]",6,1.0,True,False
10,0,"[[[0, 0, 0, 0, 0], [0, 0, 0, 0, 0], [0, 0, 0, 0, 0]], [[0, 0, 0, 0, 0], [0, 0, 0, 0, 0], [0, 0, 0, 0, 0]], [[0, 0, 0, 0, 0], [0, 0, 0, 0, 0], [0, 0, 0, 0, 0]]]",3,-0.18091323765624995,False,False
10,1,"[[[0, 0, 0, 0, 1], [0, 0, 0, 0, 1], [0, 0, 0, 0, 1]], [[1, 0, 0, 0, 1], [0, 0, 0, 0, 1], [0, 0, 0, 0, 1]], [[0, 0, 0, 0, 1], [0, 0, 0, 0, 1], [0, 0, 0, 0, 1]]]",6,-0.12135325906249989,False,False
10,2,"[[[0, 0, 0, 0, 0], [0, 0, 0, 0, 0], [0, 0, 0, 0, 0]], [[1, 0, 0, 0, 0], [0, 0, 0, 0, 0], [0, 0, 0, 0, 0]], [[0, 0, 1, 0, 0], [0, 0, 0, 0, 0], [0, 0, 0, 0, 0]]]",7,-0.18591256250000007,False,False
10,3,"[[[0, 0, 0, 0, 1], [0, 0, 0, 0, 1], [0, 0, 0, 0, 1]], [[1, 1, 0, 0, 1], [0, 0, 0, 0, 1], [0, 0, 0, 0, 1]], [[0, 0, 1, 0, 1], [1, 0, 0, 0, 1], [0, 0, 0, 0, 1]]]",5,0.03076275000000007,False,False
10,4,"[[[0, 0, 0, 0, 0], [0, 0, 0, 0, 0], [0, 0, 0, 0, 0]], [[1, 1, 0, 0, 0], [0, 0, 0, 0, 0], [0, 0, 1, 0, 0]], [[0, 0, 1, 1, 0], [1, 0, 0, 0, 0], [0, 0, 0, 0, 0]]]",0,-0.09992499999999994,False,False
10,5,"[[[1, 0, 0, 0, 1], [0, 0, 0, 0, 1], [0, 0, 0, 0, 1]], [[1, 1, 0, 0, 1], [0, 0, 0, 0, 1], [0, 0, 1, 0, 1]], [[0, 0, 1, 1, 1], [1, 1, 0, 0, 1], [0, 0, 0, 0, 1]]]",8,0.4916750000000001,False,False
10,6,"[[[1, 0, 0, 0, 0], [0, 0, 0, 0, 0], [0, 0, 0, 0, 0]], [[1, 1, 0, 0, 0], [0, 0, 0, 0, 0], [0, 0, 1, 1, 0]], [[0, 0, 1, 1, 0], [1, 1, 0, 0, 0], [0, 0, 1, 0, 0]]]",2,0.54,False,False
10,7,"[[[1, 1, 0, 0, 1], [0, 0, 0, 0, 1], [1, 0, 0, 0, 1]], [[1, 1, 0, 0, 1], [0, 0, 0, 0, 1], [0, 0, 1, 1, 1]], [[0, 0, 1, 1, 1], [1, 1, 0, 0, 1], [0, 0, 1, 0, 1]]]",1,0.0,False,False
10,8,"[[[1, 1, 0, 0, 0], [0, 0, 1, 0, 0], [1, 0, 0, 0, 0]], [[1, 1, 0, 0, 0], [0, 0, 0, 0, 0], [0, 0, 1, 1, 0]], [[0, 0, 1, 1, 0], [1, 1, 0, 0, 0], [0, 0, 1, 1, 0]]]",4,0.0,True,False
11,0,"[[[0, 0, 0, 0, 0], [0, 0, 0, 0, 0], [0, 0, 0, 0, 0]], [[0, 0, 0, 0, 0], [0, 0, 0, 0, 0], [0, 0, 0, 0, 0]], [[0, 0, 0, 0, 0], [0, 0, 0, 0, 0], [0, 0, 0, 0, 0]]]",1,-0.19641956234375005,False,False
11,1,"[[[0, 0, 0, 0, 1], [1, 0, 0, 0, 1], [0, 0, 0, 0, 1]], [[0, 0, 0, 0, 1], [0, 0, 0, 0, 1], [0, 0, 0, 0, 1]], [[0, 0, 0, 0, 1], [0, 0, 0, 0, 1], [0, 0, 0, 0, 1]]]",0,-0.09250237640624993,False,False
11,2,"[[[0, 0, 1, 0, 0], [1, 0, 0, 0, 0], [0, 0, 0, 0, 0]], [[0, 0, 0, 0, 0], [0, 0, 0, 0, 0], [0, 0, 0, 0, 0]], [[0, 0, 0, 0, 0], [0, 0, 0, 0, 0], [0, 0, 0, 0, 0]]]",7,-0.0742634999999999,False,False
11,3,"[[[0, 0, 1, 0, 1], [1, 1, 0, 0, 1], [0, 0, 0, 0, 1]], [[0, 0, 0, 0, 1], [0, 0, 0, 0, 1], [0, 0, 0, 0, 1]], [[0, 0, 0, 0, 1], [1, 0, 0, 0, 1], [0, 0, 0, 0, 1]]]",5,-0.23813787500000033,False,False
11,4,"[[[0, 0, 1, 1, 0], [1, 1, 0, 0, 0], [0, 0, 0, 0, 0]], [[0, 0, 0, 0, 0], [0, 0, 0, 0, 0], [0, 0, 1, 0, 0]], [[0, 0, 0, 0, 0], [1, 0, 0, 0, 0], [0, 0, 0, 0, 0]]]",6,0.5089000000000002,False,False
11,5,"[[[0, 0, 1, 1, 1], [1, 1, 0, 0, 1], [0, 0, 0, 0, 1]], [[0, 0, 0, 0, 1], [0, 0, 0, 0, 1], [0, 0, 1, 0, 1]], [[1, 0, 0, 0, 1], [1, 1, 0, 0, 1], [0, 0, 0, 0, 1]]]",2,0.016300000000000026,False,False
11,6,"[[[0, 0, 1, 1, 0], [1, 1, 0, 0, 0], [0, 0, 1, 0, 0]], [[0, 0, 0, 0, 0], [0, 0, 0, 0, 0], [0, 0, 1, 1, 0]], [[1, 0, 0, 0, 0], [1, 1, 0, 0, 0], [0, 0, 0, 0, 0]]]",4,1.0,True,False
12,0,"[[[0, 0, 0, 0, 0], [0, 0, 0, 0, 0], [0, 0, 0, 0, 0]], [[0, 0, 0, 0, 0], [0, 0, 0, 0, 0], [0, 0, 0, 0, 0]], [[0, 0, 0, 0, 0], [0, 0, 0, 0, 0], [0, 0, 0, 0, 0]]]",4,-0.0003406142187499683,False,False
12,1,"[[[0, 0, 0, 0, 1], [0, 0, 0, 0, 1], [0, 0, 0, 0, 1]], [[0, 0, 0, 0, 1], [1, 0, 0, 0, 1], [0, 0, 0, 0, 1]], [[0, 0, 0, 0, 1], [0, 0, 0, 0, 1], [0, 0, 0, 0, 1]]]",5,-0.4264403475,False,False
12,2,"[[[0, 0, 0, 0, 0], [0, 0, 0, 0, 0], [0, 0, 0, 0, 0]], [[0, 0, 0, 0, 0], [1, 0, 0, 0, 0], [0, 0, 1, 0, 0]], [[0, 0, 0, 0, 0], [0, 0, 0, 0, 0], [0, 0, 0, 0, 0]]]",0,0.21423199999999976,False,False
12,3,"[[[1, 0, 0, 0, 1], [0, 0, 0, 0, 1], [0, 0, 0, 0, 1]], [[0, 0, 0, 0, 1], [1, 1, 0, 0, 1], [0, 0, 1, 0, 1]], [[0, 0, 0, 0, 1], [0, 0, 0, 0, 1], [0, 0, 0, 0, 1]]]",8,-0.025813812499999936,False,False
12,4,"[[[1, 0, 0, 0, 0], [0, 0, 0, 0, 0], [0, 0, 0, 0, 0]], [[0, 0, 0, 0, 0], [1, 1, 0, 0, 0], [0, 0, 1, 1, 0]], [[0, 0, 0, 0, 0], [0, 0, 0, 0, 0], [0, 0, 1, 0, 0]]]",6,0.4716750000000001,False,False
12,5,"[[[1, 1, 0, 0, 1], [0, 0, 0, 0, 1], [0, 0, 0, 0, 1]], [[0, 0, 0, 0, 1], [1, 1, 0, 0, 1], [0, 0, 1, 1, 1]], [[1, 0, 0, 0, 1], [0, 0, 0, 0, 1], [0, 0, 1, 0, 1]]]",7,0.01445000000000004,False,False
12,6,"[[[1, 1, 0, 0, 0], [0, 0, 0, 0, 0], [0, 0, 0, 0, 0]], [[0, 0, 0, 0, 0], [1, 1, 0, 0, 0], [0, 0, 1, 1, 0]], [[1, 0, 0, 0, 0], [0, 0, 1, 0, 0], [0, 0, 1, 1, 0]]]",3,1.0,True,False
13,0,"[[[0, 0, 0, 0, 0], [0, 0, 0, 0, 0], [0, 0, 0, 0, 0]], [[0, 0, 0, 0, 0], [0, 0, 0, 0, 0], [0, 0, 0, 0, 0]], [[0, 0, 0, 0, 0], [0, 0, 0, 0, 0], [0, 0, 0, 0, 0]]]",4,0.040796419375000045,False,False
13,1,"[[[0, 0, 0, 0, 1], [0, 0, 0, 0, 1], [0, 0, 0, 0, 1]], [[0, 0, 0, 0, 1], [1, 0, 0, 0, 1], [0, 0, 0, 0, 1]], [[0, 0, 0, 0, 1], [0, 0, 0, 0, 1], [0, 0, 0, 0, 1]]]",7,-0.43398190390625013,False,False
13,2,"[[[0, 0, 0, 0, 0], [0, 0, 0, 0, 0], [0, 0, 0, 0, 0]], [[0, 0, 0, 0, 0], [1, 0, 0, 0, 0], [0, 0, 0, 0, 0]], [[0, 0, 0, 0, 0], [0, 0, 1, 0, 0], [0, 0, 0, 0, 0]]]",0,0.29477174999999967,False,False
13,3,"[[[1, 0, 0, 0, 1], [0, 0, 0, 0, 1], [0, 0, 0, 0, 1]], [[0, 0, 0, 0, 1], [1, 1, 0, 0, 1], [0, 0, 0, 0, 1]], [[0, 0, 0, 0, 1], [0, 0, 1, 0, 1], [0, 0, 0, 0, 1]]]",3,-0.5456686249999999,False,False
13,4,"[[[1, 0, 0, 0, 0], [0, 0, 0, 0, 0], [0, 0, 0, 0, 0]], [[0, 0, 1, 0, 0], [1, 1, 0, 0, 0], [0, 0, 0, 0, 0]], [[0, 0, 0, 0, 0], [0, 0, 1, 1, 0], [0, 0, 0, 0, 0]]]",6,0.6668000000000002,False,False
13,5,"[[[1, 1, 0, 0, 1], [0, 0, 0, 0, 1], [0, 0, 0, 0, 1]], [[0, 0, 1, 0, 1], [1, 1, 0, 0, 1], [0, 0, 0, 0, 1]], [[1, 0, 0, 0, 1], [0, 0, 1, 1, 1], [0, 0, 0, 0, 1]]]",2,-0.12504999999999994,False,False
13,6,"[[[1, 1, 0, 0, 0], [0, 0, 0, 0, 0], [0, 0, 1, 0, 0]], [[0, 0, 1, 1, 0], [1, 1, 0, 0, 0], [0, 0, 0, 0, 0]], [[1, 0, 0, 0, 0], [0, 0, 1, 1, 0], [0, 0, 0, 0, 0]]]",8,1.0,True,False
14,0,"[[[0, 0, 0, 0, 0], [0, 0, 0, 0, 0], [0, 0, 0, 0, 0]], [[0, 0, 0, 0, 0], [0, 0, 0, 0, 0], [0, 0, 0, 0, 0]], [[0, 0, 0, 0, 0], [0, 0, 0, 0, 0], [0, 0, 0, 0, 0]]]",0,-0.06328397703124988,False,False
14,1,"[[[1, 0, 0, 0, 1], [0, 0, 0, 0, 1], [0, 0, 0, 0, 1]], [[0, 0, 0, 0, 1], [0, 0, 0, 0, 1], [0, 0, 0, 0, 1]], [[0, 0, 0, 0, 1], [0, 0, 0, 0, 1], [0, 0, 0, 0, 1]]]",8,-0.18282193437500002,False,False
14,2,"[[[1, 0, 0, 0, 0], [0, 0, 0, 0, 0], [0, 0, 0, 0, 0]], [[0, 0, 0, 0, 0], [0, 0, 0, 0, 0], [0, 0, 0, 0, 0]], [[0, 0, 0, 0, 0], [0, 0, 0, 0, 0], [0, 0, 1, 0, 0]]]",2,0.26252718749999976,False,False
14,3,"[[[1, 1, 0, 0, 1], [0, 0, 0, 0, 1], [1, 0, 0, 0, 1]], [[0, 0, 0, 0, 1], [0, 0, 0, 0, 1], [0, 0, 0, 0, 1]], [[0, 0, 0, 0, 1], [0, 0, 0, 0, 1], [0, 0, 1, 0, 1]]]",1,-0.17020806249999995,False,False
14,4,"[[[1, 1, 0, 0, 0], [0, 0, 1, 0, 0], [1, 0, 0, 0, 0]], [[0, 0, 0, 0, 0], [0, 0, 0, 0, 0], [0, 0, 0, 0, 0]], [[0, 0, 0, 0, 0], [0, 0, 0, 0, 0], [0, 0, 1, 1, 0]]]",5,0.16335000000000008,False,False
14,5,"[[[1, 1, 0, 0, 1], [0, 0, 1, 0, 1], [1, 1, 0, 0, 1]], [[0, 0, 0, 0, 1], [0, 0, 0, 0, 1], [1, 0, 0, 0, 1]], [[0, 0, 0, 0, 1], [0, 0, 0, 0, 1], [0, 0, 1, 1, 1]]]",4,0.3909999999999998,False,False
14,6,"[[[1, 1, 0, 0, 0], [0, 0, 1, 1, 0], [1, 1, 0, 0, 0]], [[0, 0, 0, 0, 0], [0, 0, 1, 0, 0], [1, 0, 0, 0, 0]], [[0, 0, 0, 0, 0], [0, 0, 0, 0, 0], [0, 0, 1, 1, 0]]]",7,0.0,False,False
14,7,"[[[1, 1, 0, 0, 1], [0, 0, 1, 1, 1], [1, 1, 0, 0, 1]], [[0, 0, 0, 0, 1], [0, 0, 1, 0, 1], [1, 1, 0, 0, 1]], [[0, 0, 0, 0, 1], [1, 0, 0, 0, 1], [0, 0, 1, 1, 1]]]",6,0.0,False,False
14,8,"[[[1, 1, 0, 0, 0], [0, 0, 1, 1, 0], [1, 1, 0, 0, 0]], [[0, 0, 0, 0, 0], [0, 0, 1, 1, 0], [1, 1, 0, 0, 0]], [[0, 0, 1, 0, 0], [1, 0, 0, 0, 0], [0, 0, 1, 1, 0]]]",3,0.0,True,False
15,0,"[[[0, 0, 0, 0, 0], [0, 0, 0, 0, 0], [0, 0, 0, 0, 0]], [[0, 0, 0, 0, 0], [0, 0, 0, 0, 0], [0, 0, 0, 0, 0]], [[0, 0, 0, 0, 0], [0, 0, 0, 0, 0], [0, 0, 0, 0, 0]]]",2,-0.05141803187499996,False,False
15,1,"[[[0, 0, 0, 0, 1], [0, 0, 0, 0, 1], [1, 0, 0, 0, 1]], [[0, 0, 0, 0, 1], [0, 0, 0, 0, 1], [0, 0, 0, 0, 1]], [[0, 0, 0, 0, 1], [0, 0, 0, 0, 1], [0, 0, 0, 0, 1]]]",7,-0.37730266609375,False,False
15,2,"[[[0, 0, 0, 0, 0], [0, 0, 0, 0, 0], [1, 0, 0, 0, 0]], [[0, 0, 0, 0, 0], [0, 0, 0, 0, 0], [0, 0, 0, 0, 0]], [[0, 0, 0, 0, 0], [0, 0, 1, 0, 0], [0, 0, 0, 0, 0]]]",3,-0.017147187499999918,False,False
15,3,"[[[0, 0, 0, 0, 1], [0, 0, 0, 0, 1], [1, 1, 0, 0, 1]], [[1, 0, 0, 0, 1], [0, 0, 0, 0, 1], [0, 0, 0, 0, 1]], [[0, 0, 0, 0, 1], [0, 0, 1, 0, 1], [0, 0, 0, 0, 1]]]",6,0.21841599999999983,False,False
15,4,"[[[0, 0, 0, 0, 0], [0, 0, 0, 0, 0], [1, 1, 0, 0, 0]], [[1, 0, 0, 0, 0], [0, 0, 0, 0, 0], [0, 0, 0, 0, 0]], [[0, 0, 1, 0, 0], [0, 0, 1, 1, 0], [0, 0, 0, 0, 0]]]",5,0.3070499999999997,False,False
15,5,"[[[0, 0, 0, 0, 1], [0, 0, 0, 0, 1], [1, 1, 0, 0, 1]], [[1, 1, 0, 0, 1], [0, 0, 0, 0, 1], [1, 0, 0, 0, 1]], [[0, 0, 1, 0, 1], [0, 0, 1, 1, 1], [0, 0, 0, 0, 1]]]",0,-0.3237,False,False
15,6,"[[[0, 0, 1, 0, 0], [0, 0, 0, 0, 0], [1, 1, 0, 0, 0]], [[1, 1, 0, 0, 0], [0, 0, 0, 0, 0], [1, 0, 0, 0, 0]], [[0, 0, 1, 1, 0], [0, 0, 1, 1, 0], [0, 0, 0, 0, 0]]]",4,1.0,True,False
16,0,"[[[0, 0, 0, 0, 0], [0, 0, 0, 0, 0], [0, 0, 0, 0, 0]], [[0, 0, 0, 0, 0], [0, 0, 0, 0, 0], [0, 0, 0, 0, 0]], [[0, 0, 0, 0, 0], [0, 0, 0, 0, 0], [0, 0, 0, 0, 0]]]",4,0.03278889953125003,False,False
16,1,"[[[0, 0, 0, 0, 1], [0, 0, 0, 0, 1], [0, 0, 0, 0, 1]], [[0, 0, 0, 0, 1], [1, 0, 0, 0, 1], [0, 0, 0, 0, 1]], [[0, 0, 0, 0, 1], [0, 0, 0, 0, 1], [0, 0, 0, 0, 1]]]",2,-0.4059255609375002,False,False
16,2,"[[[0, 0, 0, 0, 0], [0, 0, 0, 0, 0], [0, 0, 1, 0, 0]], [[0, 0, 0, 0, 0], [1, 0, 0, 0, 0], [0, 0, 0, 0, 0]], [[0, 0, 0, 0, 0], [0, 0, 0, 0, 0], [0, 0, 0, 0, 0]]]",6,-0.019708062499999963,False,False
16,3,"[[[0, 0, 0, 0, 1], [0, 0, 0, 0, 1], [0, 0, 1, 0, 1]], [[0, 0, 0, 0, 1], [1, 1, 0, 0, 1], [0, 0, 0, 0, 1]], [[1, 0, 0, 0, 1], [0, 0, 0, 0, 1], [0, 0, 0, 0, 1]]]",1,0.02291568750000005,False,False
16,4,"[[[0, 0, 0, 0, 0], [0, 0, 1, 0, 0], [0, 0, 1, 1, 0]], [[0, 0, 0, 0, 0], [1, 1, 0, 0, 0], [0, 0, 0, 0, 0]], [[1, 0, 0, 0, 0], [0, 0, 0, 0, 0], [0, 0, 0, 0, 0]]]",7,0.1979749999999999,False,False
16,5,"[[[0, 0, 0, 0, 1], [0, 0, 1, 0, 1], [0, 0, 1, 1, 1]], [[0, 0, 0, 0, 1], [1, 1, 0, 0, 1], [0, 0, 0, 0, 1]], [[1, 1, 0, 0, 1], [1, 0, 0, 0, 1], [0, 0, 0, 0, 1]]]",8,0.73495,False,False
16,6,"[[[0, 0, 0, 0, 0], [0, 0, 1, 1, 0], [0, 0, 1, 1, 0]], [[0, 0, 0, 0, 0], [1, 1, 0, 0, 0], [0, 0, 0, 0, 0]], [[1, 1, 0, 0, 0], [1, 0, 0, 0, 0], [0, 0, 1, 0, 0]]]",0,0.55,False,False
16,7,"[[[1, 0, 0, 0, 1], [0, 0, 1, 1, 1], [0, 0, 1, 1, 1]], [[0, 0, 0, 0, 1], [1, 1, 0, 0, 1], [0, 0, 0, 0, 1]], [[1, 1, 0, 0, 1], [1, 1, 0, 0, 1], [0, 0, 1, 0, 1]]]",5,1.0,True,False
17,0,"[[[0, 0, 0, 0, 0], [0, 0, 0, 0, 0], [0, 0, 0, 0, 0]], [[0, 0, 0, 0, 0], [0, 0, 0, 0, 0], [0, 0, 0, 0, 0]], [[0, 0, 0, 0, 0], [0, 0, 0, 0, 0], [0, 0, 0, 0, 0]]]",5,-0.041779481562499894,False,False
17,1,"[[[0, 0, 0, 0, 1], [0, 0, 0, 0, 1], [0, 0, 0, 0, 1]], [[0, 0, 0, 0, 1], [0, 0, 0, 0, 1], [1, 0, 0, 0, 1]], [[0, 0, 0, 0, 1], [0, 0, 0, 0, 1], [0, 0, 0, 0, 1]]]",4,-0.06383758984374995,False,False
17,2,"[[[0, 0, 0, 0, 0], [0, 0, 0, 0, 0], [0, 0, 0, 0, 0]], [[0, 0, 0, 0, 0], [0, 0, 1, 0, 0], [1, 0, 0, 0, 0]], [[0, 0, 0, 0, 0], [0, 0, 0, 0, 0], [0, 0, 0, 0, 0]]]",6,-0.14169268749999991,False,False
17,3,"[[[0, 0, 0, 0, 1], [0, 0, 0, 0, 1], [0, 0, 0, 0, 1]], [[0, 0, 0, 0, 1], [0, 0, 1, 0, 1], [1, 1, 0, 0, 1]], [[1, 0, 0, 0, 1], [0, 0, 0, 0, 1], [0, 0, 0, 0, 1]]]",8,0.4047358749999999,False,False
17,4,"[[[0, 0, 0, 0, 0], [0, 0, 0, 0, 0], [0, 0, 0, 0, 0]], [[0, 0, 0, 0, 0], [0, 0, 1, 1, 0], [1, 1, 0, 0, 0]], [[1, 0, 0, 0, 0], [0, 0, 0, 0, 0], [0, 0, 1, 0, 0]]]",1,-0.4653,False,False
17,5,"[[[0, 0, 0, 0, 1], [1, 0, 0, 0, 1], [0, 0, 0, 0, 1]], [[0, 0, 0, 0, 1], [0, 0, 1, 1, 1], [1, 1, 0, 0, 1]], [[1, 1, 0, 0, 1], [0, 0, 0, 0, 1], [0, 0, 1, 0, 1]]]",7,0.41402499999999975,False,False
17,6,"[[[0, 0, 0, 0, 0], [1, 0, 0, 0, 0], [0, 0, 0, 0, 0]], [[0, 0, 0, 0, 0], [0, 0, 1, 1, 0], [1, 1, 0, 0, 0]], [[1, 1, 0, 0, 0], [0, 0, 1, 0, 0], [0, 0, 1, 1, 0]]]",0,1.0,False,False
17,7,"[[[1, 0, 0, 0, 1], [1, 1, 0, 0, 1], [0, 0, 0, 0, 1]], [[0, 0, 0, 0, 1], [0, 0, 1, 1, 1], [1, 1, 0, 0, 1]], [[1, 1, 0, 0, 1], [0, 0, 1, 0, 1], [0, 0, 1, 1, 1]]]",3,0.0,False,False
17,8,"[[[1, 0, 0, 0, 0], [1, 1, 0, 0, 0], [0, 0, 0, 0, 0]], [[0, 0, 1, 0, 0], [0, 0, 1, 1, 0], [1, 1, 0, 0, 0]], [[1, 1, 0, 0, 0], [0, 0, 1, 1, 0], [0, 0, 1, 1, 0]]]",2,1.0,True,False
18,0,"[[[0, 0, 0, 0, 0], [0, 0, 0, 0, 0], [0, 0, 0, 0, 0]], [[0, 0, 0, 0, 0], [0, 0, 0, 0, 0], [0, 0, 0, 0, 0]], [[0, 0, 0, 0, 0], [0, 0, 0, 0, 0], [0, 0, 0, 0, 0]]]",2,-0.028829187343749983,False,False
18,1,"[[[0, 0, 0, 0, 1], [0, 0, 0, 0, 1], [1, 0, 0, 0, 1]], [[0, 0, 0, 0, 1], [0, 0, 0, 0, 1], [0, 0, 0, 0, 1]], [[0, 0, 0, 0, 1], [0, 0, 0, 0, 1], [0, 0, 0, 0, 1]]]",0,-0.20649512796875005,False,False
18,2,"[[[0, 0, 1, 0, 0], [0, 0, 0, 0, 0], [1, 0, 0, 0, 0]], [[0, 0, 0, 0, 0], [0, 0, 0, 0, 0], [0, 0, 0, 0, 0]], [[0, 0, 0, 0, 0], [0, 0, 0, 0, 0], [0, 0, 0, 0, 0]]]",7,-0.04237762499999997,False,False
18,3,"[[[0, 0, 1, 0, 1], [0, 0, 0, 0, 1], [1, 1, 0, 0, 1]], [[0, 0, 0, 0, 1], [0, 0, 0, 0, 1], [0, 0, 0, 0, 1]], [[0, 0, 0, 0, 1], [1, 0, 0, 0, 1], [0, 0, 0, 0, 1]]]",3,0.15534131250000008,False,False
18,4,"[[[0, 0, 1, 1, 0], [0, 0, 0, 0, 0], [1, 1, 0, 0, 0]], [[0, 0, 1, 0, 0], [0, 0, 0, 0, 0], [0, 0, 0, 0, 0]], [[0, 0, 0, 0, 0], [1, 0, 0, 0, 0], [0, 0, 0, 0, 0]]]",8,0.5028500000000001,False,False
18,5,"[[[0, 0, 1, 1, 1], [0, 0, 0, 0, 1], [1, 1, 0, 0, 1]], [[0, 0, 1, 0, 1], [0, 0, 0, 0, 1], [0, 0, 0, 0, 1]], [[0, 0, 0, 0, 1], [1, 1, 0, 0, 1], [1, 0, 0, 0, 1]]]",5,0.4874750000000001,False,False
18,6,"[[[0, 0, 1, 1, 0], [0, 0, 0, 0, 0], [1, 1, 0, 0, 0]], [[0, 0, 1, 1, 0], [0, 0, 0, 0, 0], [0, 0, 1, 0, 0]], [[0, 0, 0, 0, 0], [1, 1, 0, 0, 0], [1, 0, 0, 0, 0]]]",4,1.0,False,False
18,7,"[[[0, 0, 1, 1, 1], [0, 0, 0, 0, 1], [1, 1, 0, 0, 1]], [[0, 0, 1, 1, 1], [1, 0, 0, 0, 1], [0, 0, 1, 0, 1]], [[0, 0, 0, 0, 1], [1, 1, 0, 0, 1], [1, 1, 0, 0, 1]]]",6,1.0,True,False
19,0,"[[[0, 0, 0, 0, 0], [0, 0, 0, 0, 0], [0, 0, 0, 0, 0]], [[0, 0, 0, 0, 0], [0, 0, 0, 0, 0], [0, 0, 0, 0, 0]], [[0, 0, 0, 0, 0], [0, 0, 0, 0, 0], [0, 0, 0, 0, 0]]]",5,-0.14315056999999987,False,False
19,1,"[[[0, 0, 0, 0, 1], [0, 0, 0, 0, 1], [0, 0, 0, 0, 1]], [[0, 0, 0, 0, 1], [0, 0, 0, 0, 1], [1, 0, 0, 0, 1]], [[0, 0, 0, 0, 1], [0, 0, 0, 0, 1], [0, 0, 0, 0, 1]]]",1,-0.20970535968750006,False,False
19,2,"[[[0, 0, 0, 0, 0], [0, 0, 1, 0, 0], [0, 0, 0, 0, 0]], [[0, 0, 0, 0, 0], [0, 0, 0, 0, 0], [1, 0, 0, 0, 0]], [[0, 0, 0, 0, 0], [0, 0, 0, 0, 0], [0, 0, 0, 0, 0]]]",3,0.23666149999999989,False,False
19,3,"[[[0, 0, 0, 0, 1], [0, 0, 1, 0, 1], [0, 0, 0, 0, 1]], [[1, 0, 0, 0, 1], [0, 0, 0, 0, 1], [1, 1, 0, 0, 1]], [[0, 0, 0, 0, 1], [0, 0, 0, 0, 1], [0, 0, 0, 0, 1]]]",7,-0.15981956250000012,False,False
19,4,"[[[0, 0, 0, 0, 0], [0, 0, 1, 1, 0], [0, 0, 0, 0, 0]], [[1, 0, 0, 0, 0], [0, 0, 0, 0, 0], [1, 1, 0, 0, 0]], [[0, 0, 0, 0, 0], [0, 0, 1, 0, 0], [0, 0, 0, 0, 0]]]",2,0.5237750000000002,False,False
19,5,"[[[0, 0, 0, 0, 1], [0, 0, 1, 1, 1], [1, 0, 0, 0, 1]], [[1, 1, 0, 0, 1], [0, 0, 0, 0, 1], [1, 1, 0, 0, 1]], [[0, 0, 0, 0, 1], [0, 0, 1, 0, 1], [0, 0, 0, 0, 1]]]",8,0.5484000000000001,False,False
19,6,"[[[0, 0, 0, 0, 0], [0, 0, 1, 1, 0], [1, 0, 0, 0, 0]], [[1, 1, 0, 0, 0], [0, 0, 0, 0, 0], [1, 1, 0, 0, 0]], [[0, 0, 0, 0, 0], [0, 0, 1, 1, 0], [0, 0, 1, 0, 0]]]",0,1.0,False,False
19,7,"[[[1, 0, 0, 0, 1], [0, 0, 1, 1, 1], [1, 1, 0, 0, 1]], [[1, 1, 0, 0, 1], [0, 0, 0, 0, 1], [1, 1, 0, 0, 1]], [[0, 0, 0, 0, 1], [0, 0, 1, 1, 1], [0, 0, 1, 0, 1]]]",4,1.0,True,False
20,0,"[[[0, 0, 0, 0, 0], [0, 0, 0, 0, 0], [0, 0, 0, 0, 0]], [[0, 0, 0, 0, 0], [0, 0, 0, 0, 0], [0, 0, 0, 0, 0]], [[0, 0, 0, 0, 0], [0, 0, 0, 0, 0], [0, 0, 0, 0, 0]]]",7,-0.1393728626562499,False,False
20,1,"[[[0, 0, 0, 0, 1], [0, 0, 0, 0, 1], [0, 0, 0, 0, 1]], [[0, 0, 0, 0, 1], [0, 0, 0, 0, 1], [0, 0, 0, 0, 1]], [[0, 0, 0, 0, 1], [1, 0, 0, 0, 1], [0, 0, 0, 0, 1]]]",8,-0.18588281390625,False,False
20,2,"[[[0, 0, 0, 0, 0], [0, 0, 0, 0, 0], [0, 0, 0, 0, 0]], [[0, 0, 0, 0, 0], [0, 0, 0, 0, 0], [0, 0, 0, 0, 0]], [[0, 0, 0, 0, 0], [1, 0, 0, 0, 0], [0, 0, 1, 0, 0]]]",1,-0.000843312499999935,False,False
20,3,"[[[0, 0, 0, 0, 1], [1, 0, 0, 0, 1], [0, 0, 0, 0, 1]], [[0, 0, 0, 0, 1], [0, 0, 0, 0, 1], [0, 0, 0, 0, 1]], [[0, 0, 0, 0, 1], [1, 1, 0, 0, 1], [0, 0, 1, 0, 1]]]",3,-0.4106689375000001,False,False
20,4,"[[[0, 0, 0, 0, 0], [1, 0, 0, 0, 0], [0, 0, 0, 0, 0]], [[0, 0, 1, 0, 0], [0, 0, 0, 0, 0], [0, 0, 0, 0, 0]], [[0, 0, 0, 0, 0], [1, 1, 0, 0, 0], [0, 0, 1, 1, 0]]]",4,1.0,True,False
21,0,"[[[0, 0, 0, 0, 0], [0, 0, 0, 0, 0], [0, 0, 0, 0, 0]], [[0, 0, 0, 0, 0], [0, 0, 0, 0, 0], [0, 0, 0, 0, 0]], [[0, 0, 0, 0, 0], [0, 0, 0, 0, 0], [0, 0, 0, 0, 0]]]",6,-0.03415929406249998,False,False
21,1,"[[[0, 0, 0, 0, 1], [0, 0, 0, 0, 1], [0, 0, 0, 0, 1]], [[0, 0, 0, 0, 1], [0, 0, 0, 0, 1], [0, 0, 0, 0, 1]], [[1, 0, 0, 0, 1], [0, 0, 0, 0, 1], [0, 0, 0, 0, 1]]]",7,-0.36827949078125,False,False
21,2,"[[[0, 0, 0, 0, 0], [0, 0, 0, 0, 0], [0, 0, 0, 0, 0]], [[0, 0, 0, 0, 0], [0, 0, 0, 0, 0], [0, 0, 0, 0, 0]], [[1, 0, 0, 0, 0], [0, 0, 1, 0, 0], [0, 0, 0, 0, 0]]]",3,0.19554224999999992,False,False
21,3,"[[[0, 0, 0, 0, 1], [0, 0, 0, 0, 1], [0, 0, 0, 0, 1]], [[1, 0, 0, 0, 1], [0, 0, 0, 0, 1], [0, 0, 0, 0, 1]], [[1, 1, 0, 0, 1], [0, 0, 1, 0, 1], [0, 0, 0, 0, 1]]]",4,-0.03726862499999994,False,False
21,4,"[[[0, 0, 0, 0, 0], [0, 0, 0, 0, 0], [0, 0, 0, 0, 0]], [[1, 0, 0, 0, 0], [0, 0, 1, 0, 0], [0, 0, 0, 0, 0]], [[1, 1, 0, 0, 0], [0, 0, 1, 1, 0], [0, 0, 0, 0, 0]]]",5,0.036800000000000034,False,False
21,5,"[[[0, 0, 0, 0, 1], [0, 0, 0, 0, 1], [0, 0, 0, 0, 1]], [[1, 1, 0, 0, 1], [0, 0, 1, 0, 1], [1, 0, 0, 0, 1]], [[1, 1, 0, 0, 1], [0, 0, 1, 1, 1], [0, 0, 0, 0, 1]]]",8,0.5744500000000001,False,False
21,6,"[[[0, 0, 0, 0, 0], [0, 0, 0, 0, 0], [0, 0, 0, 0, 0]], [[1, 1, 0, 0, 0], [0, 0, 1, 1, 0], [1, 0, 0, 0, 0]], [[1, 1, 0, 0, 0], [0, 0, 1, 1, 0], [0, 0, 1, 0, 0]]]",2,0.0,False,False
21,7,"[[[0, 0, 0, 0, 1], [0, 0, 0, 0, 1], [1, 0, 0, 0, 1]], [[1, 1, 0, 0, 1], [0, 0, 1, 1, 1], [1, 1, 0, 0, 1]], [[1, 1, 0, 0, 1], [0, 0, 1, 1, 1], [0, 0, 1, 0, 1]]]",1,1.0,True,False
22,0,"[[[0, 0, 0, 0, 0], [0, 0, 0, 0, 0], [0, 0, 0, 0, 0]], [[0, 0, 0, 0, 0], [0, 0, 0, 0, 0], [0, 0, 0, 0, 0]], [[0, 0, 0, 0, 0], [0, 0, 0, 0, 0], [0, 0, 0, 0, 0]]]",6,-0.04472676968749996,False,False
22,1,"[[[0, 0, 0, 0, 1], [0, 0, 0, 0, 1], [0, 0, 0, 0, 1]], [[0, 0, 0, 0, 1], [0, 0, 0, 0, 1], [0, 0, 0, 0, 1]], [[1, 0, 0, 0, 1], [0, 0, 0, 0, 1], [0, 0, 0, 0, 1]]]",4,-0.30583098468750014,False,False
22,2,"[[[0, 0, 0, 0, 0], [0, 0, 0, 0, 0], [0, 0, 0, 0, 0]], [[0, 0, 0, 0, 0], [0, 0, 1, 0, 0], [0, 0, 0, 0, 0]], [[1, 0, 0, 0, 0], [0, 0, 0, 0, 0], [0, 0, 0, 0, 0]]]",2,-0.20445775000000072,False,False
22,3,"[[[0, 0, 0, 0, 1], [0, 0, 0, 0, 1], [1, 0, 0, 0, 1]], [[0, 0, 0, 0, 1], [0, 0, 1, 0, 1], [0, 0, 0, 0, 1]], [[1, 1, 0, 0, 1], [0, 0, 0, 0, 1], [0, 0, 0, 0, 1]]]",3,0.2366316874999996,False,False
22,4,"[[[0, 0, 0, 0, 0], [0, 0, 0, 0, 0], [1, 0, 0, 0, 0]], [[0, 0, 1, 0, 0], [0, 0, 1, 1, 0], [0, 0, 0, 0, 0]], [[1, 1, 0, 0, 0], [0, 0, 0, 0, 0], [0, 0, 0, 0, 0]]]",0,0.19309999999999988,False,False
22,5,"[[[1, 0, 0, 0, 1], [0, 0, 0, 0, 1], [1, 1, 0, 0, 1]], [[0, 0, 1, 0, 1], [0, 0, 1, 1, 1], [0, 0, 0, 0, 1]], [[1, 1, 0, 0, 1], [0, 0, 0, 0, 1], [0, 0, 0, 0, 1]]]",1,0.811675,False,False
22,6,"[[[1, 0, 0, 0, 0], [0, 0, 1, 0, 0], [1, 1, 0, 0, 0]], [[0, 0, 1, 1, 0], [0, 0, 1, 1, 0], [0, 0, 0, 0, 0]], [[1, 1, 0, 0, 0], [0, 0, 0, 0, 0], [0, 0, 0, 0, 0]]]",8,1.0,False,False
22,7,"[[[1, 1, 0, 0, 1], [0, 0, 1, 0, 1], [1, 1, 0, 0, 1]], [[0, 0, 1, 1, 1], [0, 0, 1, 1, 1], [0, 0, 0, 0, 1]], [[1, 1, 0, 0, 1], [0, 0, 0, 0, 1], [1, 0, 0, 0, 1]]]",5,1.0,True,False
23,0,"[[[0, 0, 0, 0, 0], [0, 0, 0, 0, 0], [0, 0, 0, 0, 0]], [[0, 0, 0, 0, 0], [0, 0, 0, 0, 0], [0, 0, 0, 0, 0]], [[0, 0, 0, 0, 0], [0, 0, 0, 0, 0], [0, 0, 0, 0, 0]]]",3,-0.14171170265624988,False,False
23,1,"[[[0, 0, 0, 0, 1], [0, 0, 0, 0, 1], [0, 0, 0, 0, 1]], [[1, 0, 0, 0, 1], [0, 0, 0, 0, 1], [0, 0, 0, 0, 1]], [[0, 0, 0, 0, 1], [0, 0, 0, 0, 1], [0, 0, 0, 0, 1]]]",6,-0.10748489624999989,False,False
23,2,"[[[0, 0, 0, 0, 0], [0, 0, 0, 0, 0], [0, 0, 0, 0, 0]], [[1, 0, 0, 0, 0], [0, 0, 0, 0, 0], [0, 0, 0, 0, 0]], [[0, 0, 1, 0, 0], [0, 0, 0, 0, 0], [0, 0, 0, 0, 0]]]",4,0.2676422499999999,False,False
23,3,"[[[0, 0, 0, 0, 1], [0, 0, 0, 0, 1], [0, 0, 0, 0, 1]], [[1, 1, 0, 0, 1], [1, 0, 0, 0, 1], [0, 0, 0, 0, 1]], [[0, 0, 1, 0, 1], [0, 0, 0, 0, 1], [0, 0, 0, 0, 1]]]",5,-0.09205806249999993,False,False
23,4,"[[[0, 0, 0, 0, 0], [0, 0, 0, 0, 0], [0, 0, 0, 0, 0]], [[1, 1, 0, 0, 0], [1, 0, 0, 0, 0], [0, 0, 1, 0, 0]], [[0, 0, 1, 1, 0], [0, 0, 0, 0, 0], [0, 0, 0, 0, 0]]]",0,0.4633500000000002,False,False
23,5,"[[[1, 0, 0, 0, 1], [0, 0, 0, 0, 1], [0, 0, 0, 0, 1]], [[1, 1, 0, 0, 1], [1, 1, 0, 0, 1], [0, 0, 1, 0, 1]], [[0, 0, 1, 1, 1], [0, 0, 0, 0, 1], [0, 0, 0, 0, 1]]]",1,-0.11429999999999989,False,False
23,6,"[[[1, 0, 0, 0, 0], [0, 0, 1, 0, 0], [0, 0, 0, 0, 0]], [[1, 1, 0, 0, 0], [1, 1, 0, 0, 0], [0, 0, 1, 1, 0]], [[0, 0, 1, 1, 0], [0, 0, 0, 0, 0], [0, 0, 0, 0, 0]]]",8,1.0,True,False
24,0,"[[[0, 0, 0, 0, 0], [0, 0, 0, 0, 0], [0, 0, 0, 0, 0]], [[0, 0, 0, 0, 0], [0, 0, 0, 0, 0], [0, 0, 0, 0, 0]], [[0, 0, 0, 0, 0], [0, 0, 0, 0, 0], [0, 0, 0, 0, 0]]]",5,-0.12201053031249989,False,False
24,1,"[[[0, 0, 0, 0, 1], [0, 0, 0, 0, 1], [0, 0, 0, 0, 1]], [[0, 0, 0, 0, 1], [0, 0, 0, 0, 1], [1, 0, 0, 0, 1]], [[0, 0, 0, 0, 1], [0, 0, 0, 0, 1], [0, 0, 0, 0, 1]]]",3,-0.14095206390624992,False,False
24,2,"[[[0, 0, 0, 0, 0], [0, 0, 0, 0, 0], [0, 0, 0, 0, 0]], [[0, 0, 1, 0, 0], [0, 0, 0, 0, 0], [1, 0, 0, 0, 0]], [[0, 0, 0, 0, 0], [0, 0, 0, 0, 0], [0, 0, 0, 0, 0]]]",1,-0.05950712499999994,False,False
24,3,"[[[0, 0, 0, 0, 1], [1, 0, 0, 0, 1], [0, 0, 0, 0, 1]], [[0, 0, 1, 0, 1], [0, 0, 0, 0, 1], [1, 1, 0, 0, 1]], [[0, 0, 0, 0, 1], [0, 0, 0, 0, 1], [0, 0, 0, 0, 1]]]",6,0.21148681249999993,False,False
24,4,"[[[0, 0, 0, 0, 0], [1, 0, 0, 0, 0], [0, 0, 0, 0, 0]], [[0, 0, 1, 1, 0], [0, 0, 0, 0, 0], [1, 1, 0, 0, 0]], [[0, 0, 1, 0, 0], [0, 0, 0, 0, 0], [0, 0, 0, 0, 0]]]",7,-0.045049999999999917,False,False
24,5,"[[[0, 0, 0, 0, 1], [1, 1, 0, 0, 1], [0, 0, 0, 0, 1]], [[0, 0, 1, 1, 1], [0, 0, 0, 0, 1], [1, 1, 0, 0, 1]], [[0, 0, 1, 0, 1], [1, 0, 0, 0, 1], [0, 0, 0, 0, 1]]]",0,1.0,True,False
25,0,"[[[0, 0, 0, 0, 0], [0, 0, 0, 0, 0], [0, 0, 0, 0, 0]], [[0, 0, 0, 0, 0], [0, 0, 0, 0, 0], [0, 0, 0, 0, 0]], [[0, 0, 0, 0, 0], [0, 0, 0, 0, 0], [0, 0, 0, 0, 0]]]",6,-0.06105658218749992,False,False
25,1,"[[[0, 0, 0, 0, 1], [0, 0, 0, 0, 1], [0, 0, 0, 0, 1]], [[0, 0, 0, 0, 1], [0, 0, 0, 0, 1], [0, 0, 0, 0, 1]], [[1, 0, 0, 0, 1], [0, 0, 0, 0, 1], [0, 0, 0, 0, 1]]]",8,-0.2504183215625001,False,False
25,2,"[[[0, 0, 0, 0, 0], [0, 0, 0, 0, 0], [0, 0, 0, 0, 0]], [[0, 0, 0, 0, 0], [0, 0, 0, 0, 0], [0, 0, 0, 0, 0]], [[1, 0, 0, 0, 0], [0, 0, 0, 0, 0], [0, 0, 1, 0, 0]]]",0,0.23371212499999977,False,False
25,3,"[[[1, 0, 0, 0, 1], [0, 0, 0, 0, 1], [0, 0, 0, 0, 1]], [[0, 0, 0, 0, 1], [0, 0, 0, 0, 1], [0, 0, 0, 0, 1]], [[1, 1, 0, 0, 1], [0, 0, 0, 0, 1], [0, 0, 1, 0, 1]]]",1,-0.37623818750000004,False,False
25,4,"[[[1, 0, 0, 0, 0], [0, 0, 1, 0, 0], [0, 0, 0, 0, 0]], [[0, 0, 0, 0, 0], [0, 0, 0, 0, 0], [0, 0, 0, 0, 0]], [[1, 1, 0, 0, 0], [0, 0, 0, 0, 0], [0, 0, 1, 1, 0]]]",2,0.6177250000000002,False,False
25,5,"[[[1, 1, 0, 0, 1], [0, 0, 1, 0, 1], [1, 0, 0, 0, 1]], [[0, 0, 0, 0, 1], [0, 0, 0, 0, 1], [0, 0, 0, 0, 1]], [[1, 1, 0, 0, 1], [0, 0, 0, 0, 1], [0, 0, 1, 1, 1]]]",7,-0.15672499999999995,False,False
25,6,"[[[1, 1, 0, 0, 0], [0, 0, 1, 1, 0], [1, 0, 0, 0, 0]], [[0, 0, 0, 0, 0], [0, 0, 0, 0, 0], [0, 0, 0, 0, 0]], [[1, 1, 0, 0, 0], [0, 0, 1, 0, 0], [0, 0, 1, 1, 0]]]",5,1.0,False,False
25,7,"[[[1, 1, 0, 0, 1], [0, 0, 1, 1, 1], [1, 1, 0, 0, 1]], [[0, 0, 0, 0, 1], [0, 0, 0, 0, 1], [1, 0, 0, 0, 1]], [[1, 1, 0, 0, 1], [0, 0, 1, 0, 1], [0, 0, 1, 1, 1]]]",3,1.0,False,False
25,8,"[[[1, 1, 0, 0, 0], [0, 0, 1, 1, 0], [1, 1, 0, 0, 0]], [[0, 0, 1, 0, 0], [0, 0, 0, 0, 0], [1, 0, 0, 0, 0]], [[1, 1, 0, 0, 0], [0, 0, 1, 1, 0], [0, 0, 1, 1, 0]]]",4,1.0,True,False
26,0,"[[[0, 0, 0, 0, 0], [0, 0, 0, 0, 0], [0, 0, 0, 0, 0]], [[0, 0, 0, 0, 0], [0, 0, 0, 0, 0], [0, 0, 0, 0, 0]], [[0, 0, 0, 0, 0], [0, 0, 0, 0, 0], [0, 0, 0, 0, 0]]]",5,-0.09205628796874986,False,False
26,1,"[[[0, 0, 0, 0, 1], [0, 0, 0, 0, 1], [0, 0, 0, 0, 1]], [[0, 0, 0, 0, 1], [0, 0, 0, 0, 1], [1, 0, 0, 0, 1]], [[0, 0, 0, 0, 1], [0, 0, 0, 0, 1], [0, 0, 0, 0, 1]]]",0,-0.031021621874999922,False,False
26,2,"[[[0, 0, 1, 0, 0], [0, 0, 0, 0, 0], [0, 0, 0, 0, 0]], [[0, 0, 0, 0, 0], [0, 0, 0, 0, 0], [1, 0, 0, 0, 0]], [[0, 0, 0, 0, 0], [0, 0, 0, 0, 0], [0, 0, 0, 0, 0]]]",4,0.18422206249999987,False,False
26,3,"[[[0, 0, 1, 0, 1], [0, 0, 0, 0, 1], [0, 0, 0, 0, 1]], [[0, 0, 0, 0, 1], [1, 0, 0, 0, 1], [1, 1, 0, 0, 1]], [[0, 0, 0, 0, 1], [0, 0, 0, 0, 1], [0, 0, 0, 0, 1]]]",2,-0.04551412499999996,False,False
26,4,"[[[0, 0, 1, 1, 0], [0, 0, 0, 0, 0], [0, 0, 1, 0, 0]], [[0, 0, 0, 0, 0], [1, 0, 0, 0, 0], [1, 1, 0, 0, 0]], [[0, 0, 0, 0, 0], [0, 0, 0, 0, 0], [0, 0, 0, 0, 0]]]",8,0.24914999999999993,False,False
26,5,"[[[0, 0, 1, 1, 1], [0, 0, 0, 0, 1], [0, 0, 1, 0, 1]], [[0, 0, 0, 0, 1], [1, 1, 0, 0, 1], [1, 1, 0, 0, 1]], [[0, 0, 0, 0, 1], [0, 0, 0, 0, 1], [1, 0, 0, 0, 1]]]",1,1.0,True,False
27,0,"[[[0, 0, 0, 0, 0], [0, 0, 0, 0, 0], [0, 0, 0, 0, 0]], [[0, 0, 0, 0, 0], [0, 0, 0, 0, 0], [0, 0, 0, 0, 0]], [[0, 0, 0, 0, 0], [0, 0, 0, 0, 0], [0, 0, 0, 0, 0]]]",1,-0.1938635318749999,False,False
27,1,"[[[0, 0, 0, 0, 1], [1, 0, 0, 0, 1], [0, 0, 0, 0, 1]], [[0, 0, 0, 0, 1], [0, 0, 0, 0, 1], [0, 0, 0, 0, 1]], [[0, 0, 0, 0, 1], [0, 0, 0, 0, 1], [0, 0, 0, 0, 1]]]",3,-0.1497999404687499,False,False
27,2,"[[[0, 0, 0, 0, 0], [1, 0, 0, 0, 0], [0, 0, 0, 0, 0]], [[0, 0, 1, 0, 0], [0, 0, 0, 0, 0], [0, 0, 0, 0, 0]], [[0, 0, 0, 0, 0], [0, 0, 0, 0, 0], [0, 0, 0, 0, 0]]]",2,0.1043175625000001,False,False
27,3,"[[[0, 0, 0, 0, 1], [1, 1, 0, 0, 1], [1, 0, 0, 0, 1]], [[0, 0, 1, 0, 1], [0, 0, 0, 0, 1], [0, 0, 0, 0, 1]], [[0, 0, 0, 0, 1], [0, 0, 0, 0, 1], [0, 0, 0, 0, 1]]]",8,-0.44726862500000025,False,False
27,4,"[[[0, 0, 0, 0, 0], [1, 1, 0, 0, 0], [1, 0, 0, 0, 0]], [[0, 0, 1, 1, 0], [0, 0, 0, 0, 0], [0, 0, 0, 0, 0]], [[0, 0, 0, 0, 0], [0, 0, 0, 0, 0], [0, 0, 1, 0, 0]]]",6,0.35587499999999983,False,False
27,5,"[[[0, 0, 0, 0, 1], [1, 1, 0, 0, 1], [1, 1, 0, 0, 1]], [[0, 0, 1, 1, 1], [0, 0, 0, 0, 1], [0, 0, 0, 0, 1]], [[1, 0, 0, 0, 1], [0, 0, 0, 0, 1], [0, 0, 1, 0, 1]]]",7,-0.3748000000000004,False,False
27,6,"[[[0, 0, 0, 0, 0], [1, 1, 0, 0, 0], [1, 1, 0, 0, 0]], [[0, 0, 1, 1, 0], [0, 0, 0, 0, 0], [0, 0, 0, 0, 0]], [[1, 0, 0, 0, 0], [0, 0, 1, 0, 0], [0, 0, 1, 1, 0]]]",4,1.0,True,False
28,0,"[[[0, 0, 0, 0, 0], [0, 0, 0, 0, 0], [0, 0, 0, 0, 0]], [[0, 0, 0, 0, 0], [0, 0, 0, 0, 0], [0, 0, 0, 0, 0]], [[0, 0, 0, 0, 0], [0, 0, 0, 0, 0], [0, 0, 0, 0, 0]]]",1,-0.11157136874999989,False,False
28,1,"[[[0, 0, 0, 0, 1], [1, 0, 0, 0, 1], [0, 0, 0, 0, 1]], [[0, 0, 0, 0, 1], [0, 0, 0, 0, 1], [0, 0, 0, 0, 1]], [[0, 0, 0, 0, 1], [0, 0, 0, 0, 1], [0, 0, 0, 0, 1]]]",5,-0.16043126515624995,False,False
28,2,"[[[0, 0, 0, 0, 0], [1, 0, 0, 0, 0], [0, 0, 0, 0, 0]], [[0, 0, 0, 0, 0], [0, 0, 0, 0, 0], [0, 0, 1, 0, 0]], [[0, 0, 0, 0, 0], [0, 0, 0, 0, 0], [0, 0, 0, 0, 0]]]",7,0.11573650000000009,False,False
28,3,"[[[0, 0, 0, 0, 1], [1, 1, 0, 0, 1], [0, 0, 0, 0, 1]], [[0, 0, 0, 0, 1], [0, 0, 0, 0, 1], [0, 0, 1, 0, 1]], [[0, 0, 0, 0, 1], [1, 0, 0, 0, 1], [0, 0, 0, 0, 1]]]",8,0.020785875000000092,False,False
28,4,"[[[0, 0, 0, 0, 0], [1, 1, 0, 0, 0], [0, 0, 0, 0, 0]], [[0, 0, 0, 0, 0], [0, 0, 0, 0, 0], [0, 0, 1, 1, 0]], [[0, 0, 0, 0, 0], [1, 0, 0, 0, 0], [0, 0, 1, 0, 0]]]",0,0.5228500000000001,False,False
28,5,"[[[1, 0, 0, 0, 1], [1, 1, 0, 0, 1], [0, 0, 0, 0, 1]], [[0, 0, 0, 0, 1], [0, 0, 0, 0, 1], [0, 0, 1, 1, 1]], [[0, 0, 0, 0, 1], [1, 1, 0, 0, 1], [0, 0, 1, 0, 1]]]",6,-0.24462500000000012,False,False
28,6,"[[[1, 0, 0, 0, 0], [1, 1, 0, 0, 0], [0, 0, 0, 0, 0]], [[0, 0, 0, 0, 0], [0, 0, 0, 0, 0], [0, 0, 1, 1, 0]], [[0, 0, 1, 0, 0], [1, 1, 0, 0, 0], [0, 0, 1, 1, 0]]]",2,1.0,True,False
29,0,"[[[0, 0, 0, 0, 0], [0, 0, 0, 0, 0], [0, 0, 0, 0, 0]], [[0, 0, 0, 0, 0], [0, 0, 0, 0, 0], [0, 0, 0, 0, 0]], [[0, 0, 0, 0, 0], [0, 0, 0, 0, 0], [0, 0, 0, 0, 0]]]",7,-0.08523763093749992,False,False
29,1,"[[[0, 0, 0, 0, 1], [0, 0, 0, 0, 1], [0, 0, 0, 0, 1]], [[0, 0, 0, 0, 1], [0, 0, 0, 0, 1], [0, 0, 0, 0, 1]], [[0, 0, 0, 0, 1], [1, 0, 0, 0, 1], [0, 0, 0, 0, 1]]]",6,-0.1374002529687499,False,False
29,2,"[[[0, 0, 0, 0, 0], [0, 0, 0, 0, 0], [0, 0, 0, 0, 0]], [[0, 0, 0, 0, 0], [0, 0, 0, 0, 0], [0, 0, 0, 0, 0]], [[0, 0, 1, 0, 0], [1, 0, 0, 0, 0], [0, 0, 0, 0, 0]]]",1,-0.03691318749999995,False,False
29,3,"[[[0, 0, 0, 0, 1], [1, 0, 0, 0, 1], [0, 0, 0, 0, 1]], [[0, 0, 0, 0, 1], [0, 0, 0, 0, 1], [0, 0, 0, 0, 1]], [[0, 0, 1, 0, 1], [1, 1, 0, 0, 1], [0, 0, 0, 0, 1]]]",4,0.24651631249999956,False,False
29,4,"[[[0, 0, 0, 0, 0], [1, 0, 0, 0, 0], [0, 0, 0, 0, 0]], [[0, 0, 0, 0, 0], [0, 0, 1, 0, 0], [0, 0, 0, 0, 0]], [[0, 0, 1, 1, 0], [1, 1, 0, 0, 0], [0, 0, 0, 0, 0]]]",2,0.031925000000000044,False,False
29,5,"[[[0, 0, 0, 0, 1], [1, 1, 0, 0, 1], [1, 0, 0, 0, 1]], [[0, 0, 0, 0, 1], [0, 0, 1, 0, 1], [0, 0, 0, 0, 1]], [[0, 0, 1, 1, 1], [1, 1, 0, 0, 1], [0, 0, 0, 0, 1]]]",8,0.2888999999999997,False,False
29,6,"[[[0, 0, 0, 0, 0], [1, 1, 0, 0, 0], [1, 0, 0, 0, 0]], [[0, 0, 0, 0, 0], [0, 0, 1, 1, 0], [0, 0, 0, 0, 0]], [[0, 0, 1, 1, 0], [1, 1, 0, 0, 0], [0, 0, 1, 0, 0]]]",3,-0.14,False,False
29,7,"[[[0, 0, 0, 0, 1], [1, 1, 0, 0, 1], [1, 1, 0, 0, 1]], [[1, 0, 0, 0, 1], [0, 0, 1, 1, 1], [0, 0, 0, 0, 1]], [[0, 0, 1, 1, 1], [1, 1, 0, 0, 1], [0, 0, 1, 0, 1]]]",0,1.0,True,False
30,0,"[[[0, 0, 0, 0, 0], [0, 0, 0, 0, 0], [0, 0, 0, 0, 0]], [[0, 0, 0, 0, 0], [0, 0, 0, 0, 0], [0, 0, 0, 0, 0]], [[0, 0, 0, 0, 0], [0, 0, 0, 0, 0], [0, 0, 0, 0, 0]]]",5,-0.13459336265624988,False,False
30,1,"[[[0, 0, 0, 0, 1], [0, 0, 0, 0, 1], [0, 0, 0, 0, 1]], [[0, 0, 0, 0, 1], [0, 0, 0, 0, 1], [1, 0, 0, 0, 1]], [[0, 0, 0, 0, 1], [0, 0, 0, 0, 1], [0, 0, 0, 0, 1]]]",8,-0.1106243474999999,False,False
30,2,"[[[0, 0, 0, 0, 0], [0, 0, 0, 0, 0], [0, 0, 0, 0, 0]], [[0, 0, 0, 0, 0], [0, 0, 0, 0, 0], [1, 0, 0, 0, 0]], [[0, 0, 0, 0, 0], [0, 0, 0, 0, 0], [0, 0, 1, 0, 0]]]",1,-0.23353275000000034,False,False
30,3,"[[[0, 0, 0, 0, 1], [1, 0, 0, 0, 1], [0, 0, 0, 0, 1]], [[0, 0, 0, 0, 1], [0, 0, 0, 0, 1], [1, 1, 0, 0, 1]], [[0, 0, 0, 0, 1], [0, 0, 0, 0, 1], [0, 0, 1, 0, 1]]]",4,0.3183663124999994,False,False
30,4,"[[[0, 0, 0, 0, 0], [1, 0, 0, 0, 0], [0, 0, 0, 0, 0]], [[0, 0, 0, 0, 0], [0, 0, 1, 0, 0], [1, 1, 0, 0, 0]], [[0, 0, 0, 0, 0], [0, 0, 0, 0, 0], [0, 0, 1, 1, 0]]]",2,-0.16925000000000004,False,False
30,5,"[[[0, 0, 0, 0, 1], [1, 1, 0, 0, 1], [1, 0, 0, 0, 1]], [[0, 0, 0, 0, 1], [0, 0, 1, 0, 1], [1, 1, 0, 0, 1]], [[0, 0, 0, 0, 1], [0, 0, 0, 0, 1], [0, 0, 1, 1, 1]]]",3,0.22284999999999996,False,False
30,6,"[[[0, 0, 0, 0, 0], [1, 1, 0, 0, 0], [1, 0, 0, 0, 0]], [[0, 0, 1, 0, 0], [0, 0, 1, 1, 0], [1, 1, 0, 0, 0]], [[0, 0, 0, 0, 0], [0, 0, 0, 0, 0], [0, 0, 1, 1, 0]]]",0,1.0,True,False
31,0,"[[[0, 0, 0, 0, 0], [0, 0, 0, 0, 0], [0, 0, 0, 0, 0]], [[0, 0, 0, 0, 0], [0, 0, 0, 0, 0], [0, 0, 0, 0, 0]], [[0, 0, 0, 0, 0], [0, 0, 0, 0, 0], [0, 0, 0, 0, 0]]]",3,-0.18228433062499985,False,False
31,1,"[[[0, 0, 0, 0, 1], [0, 0, 0, 0, 1], [0, 0, 0, 0, 1]], [[1, 0, 0, 0, 1], [0, 0, 0, 0, 1], [0, 0, 0, 0, 1]], [[0, 0, 0, 0, 1], [0, 0, 0, 0, 1], [0, 0, 0, 0, 1]]]",2,-0.10723097093749995,False,False
31,2,"[[[0, 0, 0, 0, 0], [0, 0, 0, 0, 0], [0, 0, 1, 0, 0]], [[1, 0, 0, 0, 0], [0, 0, 0, 0, 0], [0, 0, 0, 0, 0]], [[0, 0, 0, 0, 0], [0, 0, 0, 0, 0], [0, 0, 0, 0, 0]]]",0,0.03635187500000006,False,False
31,3,"[[[1, 0, 0, 0, 1], [0, 0, 0, 0, 1], [0, 0, 1, 0, 1]], [[1, 1, 0, 0, 1], [0, 0, 0, 0, 1], [0, 0, 0, 0, 1]], [[0, 0, 0, 0, 1], [0, 0, 0, 0, 1], [0, 0, 0, 0, 1]]]",7,-0.40222918750000025,False,False
31,4,"[[[1, 0, 0, 0, 0], [0, 0, 0, 0, 0], [0, 0, 1, 1, 0]], [[1, 1, 0, 0, 0], [0, 0, 0, 0, 0], [0, 0, 0, 0, 0]], [[0, 0, 0, 0, 0], [0, 0, 1, 0, 0], [0, 0, 0, 0, 0]]]",8,0.2628499999999998,False,False
31,5,"[[[1, 1, 0, 0, 1], [0, 0, 0, 0, 1], [0, 0, 1, 1, 1]], [[1, 1, 0, 0, 1], [0, 0, 0, 0, 1], [0, 0, 0, 0, 1]], [[0, 0, 0, 0, 1], [0, 0, 1, 0, 1], [1, 0, 0, 0, 1]]]",4,0.5814250000000001,False,False
31,6,"[[[1, 1, 0, 0, 0], [0, 0, 0, 0, 0], [0, 0, 1, 1, 0]], [[1, 1, 0, 0, 0], [0, 0, 1, 0, 0], [0, 0, 0, 0, 0]], [[0, 0, 0, 0, 0], [0, 0, 1, 1, 0], [1, 0, 0, 0, 0]]]",6,1.0,True,False
32,0,"[[[0, 0, 0, 0, 0], [0, 0, 0, 0, 0], [0, 0, 0, 0, 0]], [[0, 0, 0, 0, 0], [0, 0, 0, 0, 0], [0, 0, 0, 0, 0]], [[0, 0, 0, 0, 0], [0, 0, 0, 0, 0], [0, 0, 0, 0, 0]]]",7,-0.17563189468749993,False,False
32,1,"[[[0, 0, 0, 0, 1], [0, 0, 0, 0, 1], [0, 0, 0, 0, 1]], [[0, 0, 0, 0, 1], [0, 0, 0, 0, 1], [0, 0, 0, 0, 1]], [[0, 0, 0, 0, 1], [1, 0, 0, 0, 1], [0, 0, 0, 0, 1]]]",2,-0.1827213459374999,False,False
32,2,"[[[0, 0, 0, 0, 0], [0, 0, 0, 0, 0], [0, 0, 1, 0, 0]], [[0, 0, 0, 0, 0], [0, 0, 0, 0, 0], [0, 0, 0, 0, 0]], [[0, 0, 0, 0, 0], [1, 0, 0, 0, 0], [0, 0, 0, 0, 0]]]",4,0.2927473749999994,False,False
32,3,"[[[0, 0, 0, 0, 1], [0, 0, 0, 0, 1], [0, 0, 1, 0, 1]], [[0, 0, 0, 0, 1], [1, 0, 0, 0, 1], [0, 0, 0, 0, 1]], [[0, 0, 0, 0, 1], [1, 1, 0, 0, 1], [0, 0, 0, 0, 1]]]",6,-0.3318638125000003,False,False
32,4,"[[[0, 0, 0, 0, 0], [0, 0, 0, 0, 0], [0, 0, 1, 1, 0]], [[0, 0, 0, 0, 0], [1, 0, 0, 0, 0], [0, 0, 0, 0, 0]], [[0, 0, 1, 0, 0], [1, 1, 0, 0, 0], [0, 0, 0, 0, 0]]]",8,0.6861250000000002,False,False
32,5,"[[[0, 0, 0, 0, 1], [0, 0, 0, 0, 1], [0, 0, 1, 1, 1]], [[0, 0, 0, 0, 1], [1, 1, 0, 0, 1], [0, 0, 0, 0, 1]], [[0, 0, 1, 0, 1], [1, 1, 0, 0, 1], [1, 0, 0, 0, 1]]]",1,0.18377499999999988,False,False
32,6,"[[[0, 0, 0, 0, 0], [0, 0, 1, 0, 0], [0, 0, 1, 1, 0]], [[0, 0, 0, 0, 0], [1, 1, 0, 0, 0], [0, 0, 0, 0, 0]], [[0, 0, 1, 1, 0], [1, 1, 0, 0, 0], [1, 0, 0, 0, 0]]]",0,1.0,True,False
33,0,"[[[0, 0, 0, 0, 0], [0, 0, 0, 0, 0], [0, 0, 0, 0, 0]], [[0, 0, 0, 0, 0], [0, 0, 0, 0, 0], [0, 0, 0, 0, 0]], [[0, 0, 0, 0, 0], [0, 0, 0, 0, 0], [0, 0, 0, 0, 0]]]",6,-0.036556894687499945,False,False
33,1,"[[[0, 0, 0, 0, 1], [0, 0, 0, 0, 1], [0, 0, 0, 0, 1]], [[0, 0, 0, 0, 1], [0, 0, 0, 0, 1], [0, 0, 0, 0, 1]], [[1, 0, 0, 0, 1], [0, 0, 0, 0, 1], [0, 0, 0, 0, 1]]]",8,-0.1983969526562501,False,False
33,2,"[[[0, 0, 0, 0, 0], [0, 0, 0, 0, 0], [0, 0, 0, 0, 0]], [[0, 0, 0, 0, 0], [0, 0, 0, 0, 0], [0, 0, 0, 0, 0]], [[1, 0, 0, 0, 0], [0, 0, 0, 0, 0], [0, 0, 1, 0, 0]]]",0,0.24818199999999963,False,False
33,3,"[[[1, 0, 0, 0, 1], [0, 0, 0, 0, 1], [0, 0, 0, 0, 1]], [[0, 0, 0, 0, 1], [0, 0, 0, 0, 1], [0, 0, 0, 0, 1]], [[1, 1, 0, 0, 1], [0, 0, 0, 0, 1], [0, 0, 1, 0, 1]]]",7,-0.43062918750000007,False,False
33,4,"[[[1, 0, 0, 0, 0], [0, 0, 0, 0, 0], [0, 0, 0, 0, 0]], [[0, 0, 0, 0, 0], [0, 0, 0, 0, 0], [0, 0, 0, 0, 0]], [[1, 1, 0, 0, 0], [0, 0, 1, 0, 0], [0, 0, 1, 1, 0]]]",1,0.5416750000000001,False,False
33,5,"[[[1, 1, 0, 0, 1], [1, 0, 0, 0, 1], [0, 0, 0, 0, 1]], [[0, 0, 0, 0, 1], [0, 0, 0, 0, 1], [0, 0, 0, 0, 1]], [[1, 1, 0, 0, 1], [0, 0, 1, 0, 1], [0, 0, 1, 1, 1]]]",5,-0.023699999999999992,False,False
33,6,"[[[1, 1, 0, 0, 0], [1, 0, 0, 0, 0], [0, 0, 0, 0, 0]], [[0, 0, 0, 0, 0], [0, 0, 0, 0, 0], [0, 0, 1, 0, 0]], [[1, 1, 0, 0, 0], [0, 0, 1, 1, 0], [0, 0, 1, 1, 0]]]",4,1.0,False,False
33,7,"[[[1, 1, 0, 0, 1], [1, 1, 0, 0, 1], [0, 0, 0, 0, 1]], [[0, 0, 0, 0, 1], [1, 0, 0, 0, 1], [0, 0, 1, 0, 1]], [[1, 1, 0, 0, 1], [0, 0, 1, 1, 1], [0, 0, 1, 1, 1]]]",3,1.0,False,False
33,8,"[[[1, 1, 0, 0, 0], [1, 1, 0, 0, 0], [0, 0, 0, 0, 0]], [[0, 0, 1, 0, 0], [1, 0, 0, 0, 0], [0, 0, 1, 1, 0]], [[1, 1, 0, 0, 0], [0, 0, 1, 1, 0], [0, 0, 1, 1, 0]]]",2,1.0,True,False
34,0,"[[[0, 0, 0, 0, 0], [0, 0, 0, 0, 0], [0, 0, 0, 0, 0]], [[0, 0, 0, 0, 0], [0, 0, 0, 0, 0], [0, 0, 0, 0, 0]], [[0, 0, 0, 0, 0], [0, 0, 0, 0, 0], [0, 0, 0, 0, 0]]]",8,-0.08396412484374993,False,False
34,1,"[[[0, 0, 0, 0, 1], [0, 0, 0, 0, 1], [0, 0, 0, 0, 1]], [[0, 0, 0, 0, 1], [0, 0, 0, 0, 1], [0, 0, 0, 0, 1]], [[0, 0, 0, 0, 1], [0, 0, 0, 0, 1], [1, 0, 0, 0, 1]]]",6,-0.38773974078124984,False,False
34,2,"[[[0, 0, 0, 0, 0], [0, 0, 0, 0, 0], [0, 0, 0, 0, 0]], [[0, 0, 0, 0, 0], [0, 0, 0, 0, 0], [0, 0, 0, 0, 0]], [[0, 0, 1, 0, 0], [0, 0, 0, 0, 0], [1, 0, 0, 0, 0]]]",7,-0.10804237499999993,False,False
34,3,"[[[0, 0, 0, 0, 1], [0, 0, 0, 0, 1], [0, 0, 0, 0, 1]], [[0, 0, 0, 0, 1], [0, 0, 0, 0, 1], [0, 0, 0, 0, 1]], [[0, 0, 1, 0, 1], [1, 0, 0, 0, 1], [1, 1, 0, 0, 1]]]",0,0.25746118749999963,False,False
34,4,"[[[0, 0, 1, 0, 0], [0, 0, 0, 0, 0], [0, 0, 0, 0, 0]], [[0, 0, 0, 0, 0], [0, 0, 0, 0, 0], [0, 0, 0, 0, 0]], [[0, 0, 1, 1, 0], [1, 0, 0, 0, 0], [1, 1, 0, 0, 0]]]",4,0.26284999999999986,False,False
34,5,"[[[0, 0, 1, 0, 1], [0, 0, 0, 0, 1], [0, 0, 0, 0, 1]], [[0, 0, 0, 0, 1], [1, 0, 0, 0, 1], [0, 0, 0, 0, 1]], [[0, 0, 1, 1, 1], [1, 1, 0, 0, 1], [1, 1, 0, 0, 1]]]",1,0.7489,False,False
34,6,"[[[0, 0, 1, 1, 0], [0, 0, 1, 0, 0], [0, 0, 0, 0, 0]], [[0, 0, 0, 0, 0], [1, 0, 0, 0, 0], [0, 0, 0, 0, 0]], [[0, 0, 1, 1, 0], [1, 1, 0, 0, 0], [1, 1, 0, 0, 0]]]",3,0.51,False,False
34,7,"[[[0, 0, 1, 1, 1], [0, 0, 1, 0, 1], [0, 0, 0, 0, 1]], [[1, 0, 0, 0, 1], [1, 1, 0, 0, 1], [0, 0, 0, 0, 1]], [[0, 0, 1, 1, 1], [1, 1, 0, 0, 1], [1, 1, 0, 0, 1]]]",2,1.0,True,False
35,0,"[[[0, 0, 0, 0, 0], [0, 0, 0, 0, 0], [0, 0, 0, 0, 0]], [[0, 0, 0, 0, 0], [0, 0, 0, 0, 0], [0, 0, 0, 0, 0]], [[0, 0, 0, 0, 0], [0, 0, 0, 0, 0], [0, 0, 0, 0, 0]]]",8,-0.06499664468749991,False,False
35,1,"[[[0, 0, 0, 0, 1], [0, 0, 0, 0, 1], [0, 0, 0, 0, 1]], [[0, 0, 0, 0, 1], [0, 0, 0, 0, 1], [0, 0, 0, 0, 1]], [[0, 0, 0, 0, 1], [0, 0, 0, 0, 1], [1, 0, 0, 0, 1]]]",6,-0.1507957209374999,False,False
35,2,"[[[0, 0, 0, 0, 0], [0, 0, 0, 0, 0], [0, 0, 0, 0, 0]], [[0, 0, 0, 0, 0], [0, 0, 0, 0, 0], [0, 0, 0, 0, 0]], [[0, 0, 1, 0, 0], [0, 0, 0, 0, 0], [1, 0, 0, 0, 0]]]",5,-0.03361831249999993,False,False
35,3,"[[[0, 0, 0, 0, 1], [0, 0, 0, 0, 1], [0, 0, 0, 0, 1]], [[0, 0, 0, 0, 1], [0, 0, 0, 0, 1], [1, 0, 0, 0, 1]], [[0, 0, 1, 0, 1], [0, 0, 0, 0, 1], [1, 1, 0, 0, 1]]]",0,0.07843587500000007,False,False
35,4,"[[[0, 0, 1, 0, 0], [0, 0, 0, 0, 0], [0, 0, 0, 0, 0]], [[0, 0, 0, 0, 0], [0, 0, 0, 0, 0], [1, 0, 0, 0, 0]], [[0, 0, 1, 1, 0], [0, 0, 0, 0, 0], [1, 1, 0, 0, 0]]]",1,0.06705000000000005,False,False
35,5,"[[[0, 0, 1, 0, 1], [1, 0, 0, 0, 1], [0, 0, 0, 0, 1]], [[0, 0, 0, 0, 1], [0, 0, 0, 0, 1], [1, 1, 0, 0, 1]], [[0, 0, 1, 1, 1], [0, 0, 0, 0, 1], [1, 1, 0, 0, 1]]]",3,1.0,True,False
36,0,"[[[0, 0, 0, 0, 0], [0, 0, 0, 0, 0], [0, 0, 0, 0, 0]], [[0, 0, 0, 0, 0], [0, 0, 0, 0, 0], [0, 0, 0, 0, 0]], [[0, 0, 0, 0, 0], [0, 0, 0, 0, 0], [0, 0, 0, 0, 0]]]",6,-0.055198745312499936,False,False
36,1,"[[[0, 0, 0, 0, 1], [0, 0, 0, 0, 1], [0, 0, 0, 0, 1]], [[0, 0, 0, 0, 1], [0, 0, 0, 0, 1], [0, 0, 0, 0, 1]], [[1, 0, 0, 0, 1], [0, 0, 0, 0, 1], [0, 0, 0, 0, 1]]]",8,-0.22720808984375018,False,False
36,2,"[[[0, 0, 0, 0, 0], [0, 0, 0, 0, 0], [0, 0, 0, 0, 0]], [[0, 0, 0, 0, 0], [0, 0, 0, 0, 0], [0, 0, 0, 0, 0]], [[1, 0, 0, 0, 0], [0, 0, 0, 0, 0], [0, 0, 1, 0, 0]]]",0,0.19765218749999988,False,False
36,3,"[[[1, 0, 0, 0, 1], [0, 0, 0, 0, 1], [0, 0, 0, 0, 1]], [[0, 0, 0, 0, 1], [0, 0, 0, 0, 1], [0, 0, 0, 0, 1]], [[1, 1, 0, 0, 1], [0, 0, 0, 0, 1], [0, 0, 1, 0, 1]]]",2,-0.04730449999999996,False,False
36,4,"[[[1, 0, 0, 0, 0], [0, 0, 0, 0, 0], [0, 0, 1, 0, 0]], [[0, 0, 0, 0, 0], [0, 0, 0, 0, 0], [0, 0, 0, 0, 0]], [[1, 1, 0, 0, 0], [0, 0, 0, 0, 0], [0, 0, 1, 1, 0]]]",1,0.20562499999999986,False,False
36,5,"[[[1, 1, 0, 0, 1], [1, 0, 0, 0, 1], [0, 0, 1, 0, 1]], [[0, 0, 0, 0, 1], [0, 0, 0, 0, 1], [0, 0, 0, 0, 1]], [[1, 1, 0, 0, 1], [0, 0, 0, 0, 1], [0, 0, 1, 1, 1]]]",4,0.23629999999999993,False,False
36,6,"[[[1, 1, 0, 0, 0], [1, 0, 0, 0, 0], [0, 0, 1, 1, 0]], [[0, 0, 0, 0, 0], [0, 0, 1, 0, 0], [0, 0, 0, 0, 0]], [[1, 1, 0, 0, 0], [0, 0, 0, 0, 0], [0, 0, 1, 1, 0]]]",5,0.41,False,False
36,7,"[[[1, 1, 0, 0, 1], [1, 1, 0, 0, 1], [0, 0, 1, 1, 1]], [[0, 0, 0, 0, 1], [0, 0, 1, 0, 1], [1, 0, 0, 0, 1]], [[1, 1, 0, 0, 1], [0, 0, 0, 0, 1], [0, 0, 1, 1, 1]]]",3,0.0,False,False
36,8,"[[[1, 1, 0, 0, 0], [1, 1, 0, 0, 0], [0, 0, 1, 1, 0]], [[0, 0, 1, 0, 0], [0, 0, 1, 1, 0], [1, 0, 0, 0, 0]], [[1, 1, 0, 0, 0], [0, 0, 0, 0, 0], [0, 0, 1, 1, 0]]]",7,0.0,True,False
37,0,"[[[0, 0, 0, 0, 0], [0, 0, 0, 0, 0], [0, 0, 0, 0, 0]], [[0, 0, 0, 0, 0], [0, 0, 0, 0, 0], [0, 0, 0, 0, 0]], [[0, 0, 0, 0, 0], [0, 0, 0, 0, 0], [0, 0, 0, 0, 0]]]",4,0.030955768437500027,False,False
37,1,"[[[0, 0, 0, 0, 1], [0, 0, 0, 0, 1], [0, 0, 0, 0, 1]], [[0, 0, 0, 0, 1], [1, 0, 0, 0, 1], [0, 0, 0, 0, 1]], [[0, 0, 0, 0, 1], [0, 0, 0, 0, 1], [0, 0, 0, 0, 1]]]",8,-0.3710475593750001,False,False
37,2,"[[[0, 0, 0, 0, 0], [0, 0, 0, 0, 0], [0, 0, 0, 0, 0]], [[0, 0, 0, 0, 0], [1, 0, 0, 0, 0], [0, 0, 0, 0, 0]], [[0, 0, 0, 0, 0], [0, 0, 0, 0, 0], [0, 0, 1, 0, 0]]]",2,0.37186212500000004,False,False
37,3,"[[[0, 0, 0, 0, 1], [0, 0, 0, 0, 1], [1, 0, 0, 0, 1]], [[0, 0, 0, 0, 1], [1, 1, 0, 0, 1], [0, 0, 0, 0, 1]], [[0, 0, 0, 0, 1], [0, 0, 0, 0, 1], [0, 0, 1, 0, 1]]]",7,-0.1388090000000002,False,False
37,4,"[[[0, 0, 0, 0, 0], [0, 0, 0, 0, 0], [1, 0, 0, 0, 0]], [[0, 0, 0, 0, 0], [1, 1, 0, 0, 0], [0, 0, 0, 0, 0]], [[0, 0, 0, 0, 0], [0, 0, 1, 0, 0], [0, 0, 1, 1, 0]]]",0,0.5089000000000001,False,False
37,5,"[[[1, 0, 0, 0, 1], [0, 0, 0, 0, 1], [1, 1, 0, 0, 1]], [[0, 0, 0, 0, 1], [1, 1, 0, 0, 1], [0, 0, 0, 0, 1]], [[0, 0, 0, 0, 1], [0, 0, 1, 0, 1], [0, 0, 1, 1, 1]]]",1,-0.1580750000000001,False,False
37,6,"[[[1, 0, 0, 0, 0], [0, 0, 1, 0, 0], [1, 1, 0, 0, 0]], [[0, 0, 0, 0, 0], [1, 1, 0, 0, 0], [0, 0, 0, 0, 0]], [[0, 0, 0, 0, 0], [0, 0, 1, 1, 0], [0, 0, 1, 1, 0]]]",6,1.0,True,False
38,0,"[[[0, 0, 0, 0, 0], [0, 0, 0, 0, 0], [0, 0, 0, 0, 0]], [[0, 0, 0, 0, 0], [0, 0, 0, 0, 0], [0, 0, 0, 0, 0]], [[0, 0, 0, 0, 0], [0, 0, 0, 0, 0], [0, 0, 0, 0, 0]]]",8,-0.056957170624999894,False,False
38,1,"[[[0, 0, 0, 0, 1], [0, 0, 0, 0, 1], [0, 0, 0, 0, 1]], [[0, 0, 0, 0, 1], [0, 0, 0, 0, 1], [0, 0, 0, 0, 1]], [[0, 0, 0, 0, 1], [0, 0, 0, 0, 1], [1, 0, 0, 0, 1]]]",6,-0.3025580670312503,False,False
38,2,"[[[0, 0, 0, 0, 0], [0, 0, 0, 0, 0], [0, 0, 0, 0, 0]], [[0, 0, 0, 0, 0], [0, 0, 0, 0, 0], [0, 0, 0, 0, 0]], [[0, 0, 1, 0, 0], [0, 0, 0, 0, 0], [1, 0, 0, 0, 0]]]",2,0.2182118124999999,False,False
38,3,"[[[0, 0, 0, 0, 1], [0, 0, 0, 0, 1], [1, 0, 0, 0, 1]], [[0, 0, 0, 0, 1], [0, 0, 0, 0, 1], [0, 0, 0, 0, 1]], [[0, 0, 1, 0, 1], [0, 0, 0, 0, 1], [1, 1, 0, 0, 1]]]",0,-0.010329499999999969,False,False
38,4,"[[[0, 0, 1, 0, 0], [0, 0, 0, 0, 0], [1, 0, 0, 0, 0]], [[0, 0, 0, 0, 0], [0, 0, 0, 0, 0], [0, 0, 0, 0, 0]], [[0, 0, 1, 1, 0], [0, 0, 0, 0, 0], [1, 1, 0, 0, 0]]]",5,1.0,True,False
39,0,"[[[0, 0, 0, 0, 0], [0, 0, 0, 0, 0], [0, 0, 0, 0, 0]], [[0, 0, 0, 0, 0], [0, 0, 0, 0, 0], [0, 0, 0, 0, 0]], [[0, 0, 0, 0, 0], [0, 0, 0, 0, 0], [0, 0, 0, 0, 0]]]",2,-0.05244061421874993,False,False
39,1,"[[[0, 0, 0, 0, 1], [0, 0, 0, 0, 1], [1, 0, 0, 0, 1]], [[0, 0, 0, 0, 1], [0, 0, 0, 0, 1], [0, 0, 0, 0, 1]], [[0, 0, 0, 0, 1], [0, 0, 0, 0, 1], [0, 0, 0, 0, 1]]]",7,-0.32300416000000026,False,False
39,2,"[[[0, 0, 0, 0, 0], [0, 0, 0, 0, 0], [1, 0, 0, 0, 0]], [[0, 0, 0, 0, 0], [0, 0, 0, 0, 0], [0, 0, 0, 0, 0]], [[0, 0, 0, 0, 0], [0, 0, 1, 0, 0], [0, 0, 0, 0, 0]]]",8,0.3569970624999997,False,False
39,3,"[[[0, 0, 0, 0, 1], [0, 0, 0, 0, 1], [1, 1, 0, 0, 1]], [[0, 0, 0, 0, 1], [0, 0, 0, 0, 1], [0, 0, 0, 0, 1]], [[0, 0, 0, 0, 1], [0, 0, 1, 0, 1], [1, 0, 0, 0, 1]]]",4,-0.07457918749999995,False,False
39,4,"[[[0, 0, 0, 0, 0], [0, 0, 0, 0, 0], [1, 1, 0, 0, 0]], [[0, 0, 0, 0, 0], [0, 0, 1, 0, 0], [0, 0, 0, 0, 0]], [[0, 0, 0, 0, 0], [0, 0, 1, 1, 0], [1, 0, 0, 0, 0]]]",0,0.3377249999999997,False,False
39,5,"[[[1, 0, 0, 0, 1], [0, 0, 0, 0, 1], [1, 1, 0, 0, 1]], [[0, 0, 0, 0, 1], [0, 0, 1, 0, 1], [0, 0, 0, 0, 1]], [[0, 0, 0, 0, 1], [0, 0, 1, 1, 1], [1, 1, 0, 0, 1]]]",1,1.0,True,False
40,0,"[[[0, 0, 0, 0, 0], [0, 0, 0, 0, 0], [0, 0, 0, 0, 0]], [[0, 0, 0, 0, 0], [0, 0, 0, 0, 0], [0, 0, 0, 0, 0]], [[0, 0, 0, 0, 0], [0, 0, 0, 0, 0], [0, 0, 0, 0, 0]]]",3,-0.1233099190624999,False,False
40,1,"[[[0, 0, 0, 0, 1], [0, 0, 0, 0, 1], [0, 0, 0, 0, 1]], [[1, 0, 0, 0, 1], [0, 0, 0, 0, 1], [0, 0, 0, 0, 1]], [[0, 0, 0, 0, 1], [0, 0, 0, 0, 1], [0, 0, 0, 0, 1]]]",1,-0.22811321484375002,False,False
40,2,"[[[0, 0, 0, 0, 0], [0, 0, 1, 0, 0], [0, 0, 0, 0, 0]], [[1, 0, 0, 0, 0], [0, 0, 0, 0, 0], [0, 0, 0, 0, 0]], [[0, 0, 0, 0, 0], [0, 0, 0, 0, 0], [0, 0, 0, 0, 0]]]",0,0.15269162500000008,False,False
40,3,"[[[1, 0, 0, 0, 1], [0, 0, 1, 0, 1], [0, 0, 0, 0, 1]], [[1, 1, 0, 0, 1], [0, 0, 0, 0, 1], [0, 0, 0, 0, 1]], [[0, 0, 0, 0, 1], [0, 0, 0, 0, 1], [0, 0, 0, 0, 1]]]",6,-0.08024781249999995,False,False
40,4,"[[[1, 0, 0, 0, 0], [0, 0, 1, 1, 0], [0, 0, 0, 0, 0]], [[1, 1, 0, 0, 0], [0, 0, 0, 0, 0], [0, 0, 0, 0, 0]], [[0, 0, 1, 0, 0], [0, 0, 0, 0, 0], [0, 0, 0, 0, 0]]]",5,0.00192500000000003,False,False
40,5,"[[[1, 1, 0, 0, 1], [0, 0, 1, 1, 1], [0, 0, 0, 0, 1]], [[1, 1, 0, 0, 1], [0, 0, 0, 0, 1], [1, 0, 0, 0, 1]], [[0, 0, 1, 0, 1], [0, 0, 0, 0, 1], [0, 0, 0, 0, 1]]]",7,0.6335250000000001,False,False
40,6,"[[[1, 1, 0, 0, 0], [0, 0, 1, 1, 0], [0, 0, 0, 0, 0]], [[1, 1, 0, 0, 0], [0, 0, 0, 0, 0], [1, 0, 0, 0, 0]], [[0, 0, 1, 1, 0], [0, 0, 1, 0, 0], [0, 0, 0, 0, 0]]]",2,1.0,False,False
40,7,"[[[1, 1, 0, 0, 1], [0, 0, 1, 1, 1], [1, 0, 0, 0, 1]], [[1, 1, 0, 0, 1], [0, 0, 0, 0, 1], [1, 1, 0, 0, 1]], [[0, 0, 1, 1, 1], [0, 0, 1, 0, 1], [0, 0, 0, 0, 1]]]",4,1.0,True,False
41,0,"[[[0, 0, 0, 0, 0], [0, 0, 0, 0, 0], [0, 0, 0, 0, 0]], [[0, 0, 0, 0, 0], [0, 0, 0, 0, 0], [0, 0, 0, 0, 0]], [[0, 0, 0, 0, 0], [0, 0, 0, 0, 0], [0, 0, 0, 0, 0]]]",8,-0.04584301359374995,False,False
41,1,"[[[0, 0, 0, 0, 1], [0, 0, 0, 0, 1], [0, 0, 0, 0, 1]], [[0, 0, 0, 0, 1], [0, 0, 0, 0, 1], [0, 0, 0, 0, 1]], [[0, 0, 0, 0, 1], [0, 0, 0, 0, 1], [1, 0, 0, 0, 1]]]",2,-0.34279604718750006,False,False
41,2,"[[[0, 0, 0, 0, 0], [0, 0, 0, 0, 0], [0, 0, 1, 0, 0]], [[0, 0, 0, 0, 0], [0, 0, 0, 0, 0], [0, 0, 0, 0, 0]], [[0, 0, 0, 0, 0], [0, 0, 0, 0, 0], [1, 0, 0, 0, 0]]]",0,0.04976212500000008,False,False
41,3,"[[[1, 0, 0, 0, 1], [0, 0, 0, 0, 1], [0, 0, 1, 0, 1]], [[0, 0, 0, 0, 1], [0, 0, 0, 0, 1], [0, 0, 0, 0, 1]], [[0, 0, 0, 0, 1], [0, 0, 0, 0, 1], [1, 1, 0, 0, 1]]]",6,-0.10020806249999993,False,False
41,4,"[[[1, 0, 0, 0, 0], [0, 0, 0, 0, 0], [0, 0, 1, 1, 0]], [[0, 0, 0, 0, 0], [0, 0, 0, 0, 0], [0, 0, 0, 0, 0]], [[0, 0, 1, 0, 0], [0, 0, 0, 0, 0], [1, 1, 0, 0, 0]]]",7,-0.12134999999999996,False,False
41,5,"[[[1, 1, 0, 0, 1], [0, 0, 0, 0, 1], [0, 0, 1, 1, 1]], [[0, 0, 0, 0, 1], [0, 0, 0, 0, 1], [0, 0, 0, 0, 1]], [[0, 0, 1, 0, 1], [1, 0, 0, 0, 1], [1, 1, 0, 0, 1]]]",5,0.08192500000000004,False,False
41,6,"[[[1, 1, 0, 0, 0], [0, 0, 0, 0, 0], [0, 0, 1, 1, 0]], [[0, 0, 0, 0, 0], [0, 0, 0, 0, 0], [0, 0, 1, 0, 0]], [[0, 0, 1, 1, 0], [1, 0, 0, 0, 0], [1, 1, 0, 0, 0]]]",4,1.0,True,False
42,0,"[[[0, 0, 0, 0, 0], [0, 0, 0, 0, 0], [0, 0, 0, 0, 0]], [[0, 0, 0, 0, 0], [0, 0, 0, 0, 0], [0, 0, 0, 0, 0]], [[0, 0, 0, 0, 0], [0, 0, 0, 0, 0], [0, 0, 0, 0, 0]]]",4,0.08488889953125012,False,False
